"Site","Subsite","Trapnest","Treatment","Date","Day_of_year","Nest_ID","Sealed","Nest_parasitized","Occupant","DP_os_prior","NDP_os_prior","NDP_ps_os_prior","Year","Straw_length","Filled_length"
"BP","D","trapnest_12","High",2023-06-05,156,"12_12b","sealed","parasitized","osmia",0,5,11,"year_2023",106,57
"BP","D","trapnest_12","High",2023-06-05,156,"12_15a","sealed","parasitized","osmia",0,5,11,"year_2023",145,117
"BP","D","trapnest_12","High",2023-06-14,165,"12_18a","sealed",NA,"osmia",0,6,11,"year_2023",145,84
"BP","D","trapnest_12","High",2023-05-29,149,"12_5a","sealed","not parasitized","osmia",0,1,11,"year_2023",143,116
"BP","D","trapnest_12","High",2023-06-05,156,"12_6b","sealed",NA,"osmia",0,5,11,"year_2023",144,104
"BP","D","trapnest_12","High",2023-06-29,180,"12_6c","sealed","parasitized","osmia",0,7,12,"year_2023",144,52
"BP","D","trapnest_12","High",2023-06-16,167,"12_9b","sealed","parasitized","osmia",0,7,12,"year_2023",131,22
"BP","E","trapnest_13","Low",2023-06-14,165,"13_11a","sealed","parasitized","osmia",0,2,2,"year_2023",141,41
"BP","E","trapnest_13","Low",2023-06-05,156,"13_12a","sealed","parasitized","osmia",1,3,3,"year_2023",137,101
"BP","E","trapnest_13","Low",2023-06-14,165,"13_14a","sealed","parasitized","osmia",0,2,2,"year_2023",140,20
"BP","E","trapnest_13","Low",2023-06-14,165,"13_16a","sealed","not parasitized","osmia",0,2,2,"year_2023",141,15
"BP","E","trapnest_13","Low",2023-05-29,149,"13_2a","sealed","not parasitized","osmia",0,2.5,2.5,"year_2023",123,105
"BP","E","trapnest_13","Low",2023-06-02,153,"13_2b","sealed","not parasitized","osmia",1,2,2,"year_2023",146,34
"BP","E","trapnest_13","Low",2023-05-31,151,"13_4a","sealed",NA,"osmia",1,2,2,"year_2023",150,76
"BP","E","trapnest_13","Low",2023-06-16,167,"13_5a","sealed","parasitized","osmia",1,0,0,"year_2023",150,10
"BP","E","trapnest_13","Low",2023-06-02,153,"13_7a","sealed","not parasitized","osmia",1,2,2,"year_2023",153,133
"BP","E","trapnest_13","Low",2023-06-05,156,"13_7b","sealed",NA,"osmia",1,3,3,"year_2023",153,49
"BP","E","trapnest_13","Low",2023-06-05,156,"13_8a","sealed","parasitized","osmia",1,3,3,"year_2023",147,3
"BP","E","trapnest_14","Mid",2023-06-02,153,"14_10a","sealed","not parasitized","osmia",0,3,6,"year_2023",150,33
"BP","E","trapnest_14","Mid",2023-06-05,156,"14_10b","sealed",NA,"osmia",0,3,6,"year_2023",141,49
"BP","E","trapnest_14","Mid",2023-05-31,151,"14_12a","sealed","parasitized","osmia",0,2.5,7.5,"year_2023",146,76
"BP","E","trapnest_14","Mid",2023-06-02,153,"14_16a","sealed",NA,"osmia",0,3,6,"year_2023",143,68
"BP","E","trapnest_15","High",2023-05-17,137,"15_4a","sealed","parasitized","osmia",0,1,12,"year_2023",143,11
"BP","E","trapnest_15","High",2023-05-22,142,"15_6b","sealed",NA,"osmia",0,2,12,"year_2023",144,9
"BP","F","trapnest_16","Low",2023-06-02,153,"16_11a","sealed","parasitized","osmia",0,3,3,"year_2023",150,44
"BP","F","trapnest_16","Low",2023-05-31,151,"16_14a","sealed","not parasitized","osmia",0,5,5,"year_2023",142,11
"BP","F","trapnest_16","Low",2023-05-29,149,"16_3b","sealed",NA,"osmia",0,4,4,"year_2023",144,66
"BP","F","trapnest_16","Low",2023-05-22,142,"16_5a","sealed",NA,"osmia",1,1,1,"year_2023",140,87
"BP","F","trapnest_16","Low",2023-05-29,149,"16_5b","sealed","not parasitized","osmia",0,4,4,"year_2023",133,77
"BP","F","trapnest_16","Low",2023-06-02,153,"16_5c","sealed","parasitized","osmia",0,3,3,"year_2023",143,20
"BP","F","trapnest_16","Low",2023-05-29,149,"16_6a","sealed","not parasitized","osmia",0,4,4,"year_2023",142,41
"BP","F","trapnest_16","Low",2023-05-31,151,"16_6b","sealed","not parasitized","osmia",0,5,5,"year_2023",150,58
"BP","F","trapnest_16","Low",2023-06-02,153,"16_8b","sealed",NA,"osmia",0,3,3,"year_2023",149,34
"BP","F","trapnest_17","Mid",2023-06-23,174,"17_13b","sealed","parasitized","osmia",0,5,6,"year_2023",135,40
"BP","F","trapnest_17","Mid",2023-05-31,151,"17_15a","sealed",NA,"osmia",1,2,5,"year_2023",147,74
"BP","F","trapnest_17","Mid",2023-06-14,165,"17_16a","sealed","not parasitized","osmia",0,6,7,"year_2023",145,23
"BP","F","trapnest_17","Mid",2023-06-02,153,"17_17a","sealed","parasitized","osmia",0,4.5,7.5,"year_2023",153,56
"BP","F","trapnest_17","Mid",2023-06-05,156,"17_17b","sealed","parasitized","osmia",1,5,6,"year_2023",139,24
"BP","F","trapnest_17","Mid",2023-06-02,153,"17_18a","sealed","parasitized","osmia",0,4.5,7.5,"year_2023",140,21
"BP","F","trapnest_17","Mid",2023-06-14,165,"17_7a","sealed","not parasitized","osmia",0,6,7,"year_2023",145,3
"BP","F","trapnest_17","Mid",2023-06-14,165,"17_9a","sealed","parasitized","osmia",0,6,7,"year_2023",149,79
"BP","F","trapnest_18","High",2023-06-05,156,"18_10b","sealed",NA,"osmia",0,5,13,"year_2023",144,18
"BP","F","trapnest_18","High",2023-06-02,153,"18_12b","sealed",NA,"osmia",0,5,15,"year_2023",146,95
"BP","F","trapnest_18","High",2023-05-29,149,"18_1a","sealed",NA,"osmia",0,2,13,"year_2023",143,27
"BP","F","trapnest_18","High",2023-06-02,153,"18_8a","sealed",NA,"osmia",0,5,15,"year_2023",149,79
"NN","G","trapnest_19","Low",2023-05-29,149,"19_8a","sealed","parasitized","osmia",0,1,1,"year_2023",139,30
"NN","G","trapnest_19","Low",2023-06-04,155,"19_8b","sealed","not parasitized","osmia",0,0,0,"year_2023",140,18
"NN","G","trapnest_19","Low",2023-05-26,146,"19_9a","sealed","not parasitized","osmia",0,1,1,"year_2023",143,74
"BP","A","trapnest_1","Low",2023-06-14,165,"1_16a","sealed",NA,"osmia",0,1,1,"year_2023",141,91
"NN","G","trapnest_20","Mid",2023-06-01,152,"20_2a","sealed","parasitized","osmia",0,3,7,"year_2023",149,96
"NN","G","trapnest_20","Mid",2023-06-01,152,"20_3b","sealed","not parasitized","osmia",0,3,7,"year_2023",142,41
"NN","G","trapnest_20","Mid",2023-05-31,151,"20_5a","sealed",NA,"osmia",1,1,5,"year_2023",146,90
"NN","H","trapnest_24","High",2023-06-22,173,"24_10a","sealed","parasitized","osmia",1,3,11,"year_2023",143,26
"NN","H","trapnest_24","High",2023-06-30,181,"24_12a","sealed","parasitized","osmia",0,4,12,"year_2023",144,12
"NN","H","trapnest_24","High",2023-06-11,162,"24_2a","sealed","parasitized","osmia",1,2,10,"year_2023",139,49
"NN","H","trapnest_24","High",2023-06-30,181,"24_3b","sealed","parasitized","osmia",0,4,12,"year_2023",137,28
"NN","H","trapnest_24","High",2023-06-08,159,"24_7b","sealed","parasitized","osmia",1,1,9,"year_2023",140,71
"NN","I","trapnest_25","Low",2023-06-11,162,"25_11a","sealed",NA,"osmia",1,2,2,"year_2023",149,88
"NN","I","trapnest_25","Low",2023-06-04,155,"25_13a","sealed",NA,"osmia",0,5,5,"year_2023",149,109
"NN","I","trapnest_25","Low",2023-06-11,162,"25_16a","sealed",NA,"osmia",1,2,2,"year_2023",144,74
"NN","I","trapnest_25","Low",2023-06-04,155,"25_1a","sealed","parasitized","osmia",0,5,5,"year_2023",150,59
"NN","I","trapnest_25","Low",2023-06-22,173,"25_1b","sealed","parasitized","osmia",0,2,2,"year_2023",143,38
"NN","I","trapnest_25","Low",2023-06-04,155,"25_3a","sealed",NA,"osmia",0,5,5,"year_2023",111,111
"NN","I","trapnest_25","Low",2023-06-19,170,"25_3b","sealed","parasitized","osmia",2,1,1,"year_2023",141,21
"NN","I","trapnest_25","Low",2023-06-04,155,"25_4a","sealed",NA,"osmia",0,5,5,"year_2023",149,50
"NN","I","trapnest_25","Low",2023-06-22,173,"25_4b","sealed","parasitized","osmia",0,2,2,"year_2023",143,21
"NN","I","trapnest_25","Low",2023-06-01,152,"25_6a","sealed","parasitized","osmia",1,3,3,"year_2023",152,120
"NN","I","trapnest_25","Low",2023-06-15,166,"25_6b","sealed","parasitized","osmia",1.5,2,2,"year_2023",136,59
"NN","J","trapnest_28","Low",2023-05-29,149,"28_17a","sealed","parasitized","osmia",0,0,0,"year_2023",147,18
"NN","J","trapnest_28","Low",2023-06-30,181,"28_3a","sealed","parasitized","osmia",0,1,1,"year_2023",145,31
"NN","J","trapnest_29","Mid",2023-05-31,151,"29_4a","sealed","parasitized","osmia",0,2,6,"year_2023",143,89
"NN","J","trapnest_29","Mid",2023-05-31,151,"29_7a","sealed","not parasitized","osmia",0,2,6,"year_2023",148,125
"BP","A","trapnest_2","Mid",2023-05-31,151,"2_15b","sealed","not parasitized","osmia",0,4.5,7.5,"year_2023",137,29
"BP","A","trapnest_2","Mid",2023-05-29,149,"2_16b","sealed","parasitized","osmia",0,2,7,"year_2023",141,42
"BP","A","trapnest_2","Mid",2023-05-26,146,"2_18a","sealed","not parasitized","osmia",0,1,6,"year_2023",143,107
"BP","A","trapnest_2","Mid",2023-05-29,149,"2_1a","sealed","parasitized","osmia",0,2,7,"year_2023",147,22
"BP","A","trapnest_2","Mid",2023-06-02,153,"2_9a","sealed",NA,"osmia",0,5,8,"year_2023",149,65
"NN","K","trapnest_32","Mid",2023-06-01,152,"32_8b","sealed","not parasitized","osmia",0,4,7,"year_2023",62,17
"NN","L","trapnest_35","Mid",2023-07-04,185,"35_7a","sealed",NA,"osmia",0,2,6,"year_2023",142,5
"NN","L","trapnest_36","High",2023-06-04,155,"36_13b","sealed","not parasitized","osmia",3,3,8,"year_2023",141,39
"NN","L","trapnest_36","High",2023-06-01,152,"36_1a","sealed","not parasitized","osmia",3,3,10,"year_2023",144,86
"NN","L","trapnest_36","High",2023-06-15,166,"36_3b","sealed","parasitized","osmia",2,5,9,"year_2023",148,82
"NN","L","trapnest_36","High",2023-06-04,155,"36_4b","sealed","parasitized","osmia",3,3,8,"year_2023",136,61
"NN","L","trapnest_36","High",2023-06-19,170,"36_6a","sealed","parasitized","osmia",1,6,10,"year_2023",146,48
"NN","L","trapnest_36","High",2023-06-22,173,"36_9a","sealed","parasitized","osmia",0,7,11,"year_2023",144,30
"BP","A","trapnest_3","High",2023-06-02,153,"3_11b","sealed","parasitized","osmia",0,5.5,11.5,"year_2023",142,19
"BP","A","trapnest_3","High",2023-06-02,153,"3_13b","sealed",NA,"osmia",0,5.5,11.5,"year_2023",140,35
"BP","A","trapnest_3","High",2023-05-28,148,"3_14a","sealed","parasitized","osmia",0,2,11,"year_2023",143,9
"BP","A","trapnest_3","High",2023-05-29,149,"3_18a","sealed",NA,"osmia",0,2,11,"year_2023",144,61
"BP","A","trapnest_3","High",2023-06-02,153,"3_2a","sealed",NA,"osmia",0,5.5,11.5,"year_2023",142,47
"BP","B","trapnest_5","Mid",2023-06-05,156,"5_18a","sealed","parasitized","osmia",0,2,6,"year_2023",144,25
"BP","B","trapnest_5","Mid",2023-06-02,153,"5_9a","sealed",NA,"osmia",0,1,6,"year_2023",146,71
"BP","B","trapnest_6","High",2023-06-16,167,"6_14a","sealed",NA,"osmia",0,5,11,"year_2023",144,22
"BP","B","trapnest_6","High",2023-06-05,156,"6_15a","sealed","parasitized","osmia",0,4,11,"year_2023",139,82
"BP","B","trapnest_6","High",2023-06-05,156,"6_17a","sealed","not parasitized","osmia",0,4,11,"year_2023",129,87
"BP","B","trapnest_6","High",2023-06-16,167,"6_5b","sealed",NA,"osmia",0,5,11,"year_2023",135,18
"BP","B","trapnest_6","High",2023-05-31,151,"6_9b","sealed",NA,"osmia",0,2.5,11.5,"year_2023",145,39
"BP","AB","trapnest_77","Mid",2024-06-21,173,"77_4a","sealed",NA,"osmia",0,1,1,"year_2024",133,91
"BP","C","trapnest_7","Low",2023-06-05,156,"7_14a","sealed","not parasitized","osmia",0,3,3,"year_2023",138,138
"BP","C","trapnest_7","Low",2023-06-02,153,"7_15a","sealed",NA,"osmia",0,4,4,"year_2023",147,84
"BP","C","trapnest_7","Low",2023-05-29,149,"7_17a","sealed","parasitized","osmia",0,2.5,2.5,"year_2023",149,37
"BP","C","trapnest_7","Low",2023-06-05,156,"7_3b","sealed","not parasitized","osmia",0,3,3,"year_2023",139,67
"BP","C","trapnest_7","Low",2023-06-14,165,"7_3c","sealed",NA,"osmia",0,1,1,"year_2023",138,3
"BP","C","trapnest_8","Mid",2023-05-31,151,"8_12a","sealed","parasitized","osmia",0,4,7,"year_2023",148,59
"BP","C","trapnest_8","Mid",2023-05-31,151,"8_16a","sealed","parasitized","osmia",0,4,7,"year_2023",142,74
"BP","C","trapnest_8","Mid",2023-05-29,149,"8_3a","sealed","parasitized","osmia",2,1,6,"year_2023",147,60
"BP","C","trapnest_9","High",2023-06-14,165,"9_5a","sealed",NA,"osmia",0,3,10,"year_2023",146,71
"BP","C","trapnest_9","High",2023-05-29,149,"9_8a","sealed","parasitized","osmia",0,1,11,"year_2023",151,82
"BP","C","trapnest_9","High",2023-06-05,156,"9_9b","sealed","not parasitized","osmia",0,2,11,"year_2023",150,104
