"","Date","Day_of_year","Site","Subsite","Trapnest","Treatment","Good_days","Available_cavities_prior","New_nests_sum","New_nests_os","New_nests_meg","Osmia_ps_prior","Osmia_no_ps_prior","Meg_ps_prior","Meg_no_ps_prior","Par_nests_unsealed_os","Prop_new_meg"
"1",2023-06-23,174,"BP","A","trapnest_1","Low",3,18,0,0,0,0,0,0,0,0,0
"2",2023-06-29,180,"BP","A","trapnest_1","Low",1,18,0,0,0,0,0,0,0,0,0
"3",2023-06-23,174,"BP","D","trapnest_10","Low",3,18,0,0,0,0,0,0,0,0,0
"4",2023-06-29,180,"BP","D","trapnest_10","Low",1,18,0,0,0,0,0,0,0,0,0
"5",2023-06-23,174,"BP","D","trapnest_11","Mid",3,12,0,0,0,6,0,0,0,0,0
"6",2023-06-29,180,"BP","D","trapnest_11","Mid",1,10,1,1,0,6,0,0,0,0,0
"7",2023-06-23,174,"BP","D","trapnest_12","High",3,6,0,0,0,12,7,0,0,1,0
"8",2023-06-29,180,"BP","D","trapnest_12","High",1,6,1,1,0,12,7,0,0,0,0
"9",2023-06-23,174,"BP","E","trapnest_13","Low",3,17,2,0,2,1,1,0.5,0.5,1,0.117647058823529
"10",2023-06-29,180,"BP","E","trapnest_13","Low",1,14,1,0,1,1,1,2,2,1,0.0714285714285714
"11",2023-06-23,174,"BP","E","trapnest_14","Mid",3,12,0,0,0,6,2,0,0,0,0
"12",2023-06-29,180,"BP","E","trapnest_14","Mid",1,12,0,0,0,6,2,0,0,0,0
"13",2023-06-23,174,"BP","E","trapnest_15","High",3,8,1,0,1,10,1,0,0,0,0.125
"14",2023-06-29,180,"BP","E","trapnest_15","High",1,6,0,0,0,11,1,1,1,0,0
"15",2023-06-23,174,"BP","F","trapnest_16","Low",3,18,0,0,0,0,0,0,0,0,0
"16",2023-06-29,180,"BP","F","trapnest_16","Low",1,17,0,0,0,0,0,0,0,0,0
"17",2023-06-23,174,"BP","F","trapnest_17","Mid",3,10,3,1,2,6,5,2.5,2.5,0,0.2
"18",2023-06-29,180,"BP","F","trapnest_17","Mid",1,9,0,0,0,5,4,4,4,0,0
"19",2023-06-23,174,"BP","F","trapnest_18","High",3,4,0,0,0,13,6,0,0,0,0
"20",2023-06-29,180,"BP","F","trapnest_18","High",1,2,0,0,0,11,6,0,0,0,0
"21",2023-06-23,174,"NN","G","trapnest_19","Low",1,18,0,0,0,0,0,0,0,0,0
"22",2023-06-30,181,"NN","G","trapnest_19","Low",1,17,0,0,0,0,0,0,0,0,0
"23",2023-07-03,184,"NN","G","trapnest_19","Low",2,17,0,0,0,0,0,0,0,0,0
"24",2023-07-04,185,"NN","G","trapnest_19","Low",1,14,0,0,0,0,0,0,0,0,0
"25",2023-07-06,187,"NN","G","trapnest_19","Low",2,14,0,0,0,0,0,0,0,0,0
"26",2023-06-23,174,"BP","A","trapnest_2","Mid",3,12,0,0,0,6,2,0,0,0,0
"27",2023-06-29,180,"BP","A","trapnest_2","Mid",1,7,0,0,0,6,2,0,0,0,0
"28",2023-06-23,174,"NN","G","trapnest_20","Mid",1,11,0,0,0,6,3,0,0,0,0
"29",2023-06-30,181,"NN","G","trapnest_20","Mid",1,11,0,0,0,6,3,0,0,0,0
"30",2023-07-03,184,"NN","G","trapnest_20","Mid",2,12,0,0,0,6,3,0,0,0,0
"31",2023-07-04,185,"NN","G","trapnest_20","Mid",1,12,0,0,0,6,3,0,0,0,0
"32",2023-07-06,187,"NN","G","trapnest_20","Mid",2,12,0,0,0,6,3,0,0,0,0
"33",2023-06-23,174,"NN","G","trapnest_21","High",1,6,0,0,0,11,0,0,0,0,0
"34",2023-06-30,181,"NN","G","trapnest_21","High",1,5,0,0,0,11,0,0,0,0,0
"35",2023-07-03,184,"NN","G","trapnest_21","High",2,5,0,0,0,11,0,0,0,0,0
"36",2023-07-04,185,"NN","G","trapnest_21","High",1,5,0,0,0,11,0,0,0,0,0
"37",2023-07-06,187,"NN","G","trapnest_21","High",2,5,0,0,0,11,0,0,0,0,0
"38",2023-06-23,174,"NN","H","trapnest_22","Low",1,17,0,0,0,1,1,0,0,1,0
"39",2023-06-30,181,"NN","H","trapnest_22","Low",1,17,0,0,0,1,1,0,0,1,0
"40",2023-07-03,184,"NN","H","trapnest_22","Low",2,17,0,0,0,1,1,0,0,1,0
"41",2023-07-04,185,"NN","H","trapnest_22","Low",1,17,0,0,0,1,1,0,0,1,0
"42",2023-07-06,187,"NN","H","trapnest_22","Low",2,18,0,0,0,0,0,0,0,0,0
"43",2023-06-23,174,"NN","H","trapnest_23","Mid",1,11,0,0,0,6,0,0,0,0,0
"44",2023-06-30,181,"NN","H","trapnest_23","Mid",1,5,0,0,0,6,0,0,0,0,0
"45",2023-07-03,184,"NN","H","trapnest_23","Mid",2,11,0,0,0,6,0,0,0,0,0
"46",2023-07-04,185,"NN","H","trapnest_23","Mid",1,8,0,0,0,6,0,0,0,0,0
"47",2023-07-06,187,"NN","H","trapnest_23","Mid",2,10,0,0,0,6,0,0,0,0,0
"48",2023-06-23,174,"NN","H","trapnest_24","High",1,6,0,0,0,12,4,0,0,1,0
"49",2023-06-30,181,"NN","H","trapnest_24","High",1,5,1,1,0,12,4,0,0,0,0
"50",2023-07-03,184,"NN","H","trapnest_24","High",2,5,0,0,0,12,5,0,0,0,0
"51",2023-07-04,185,"NN","H","trapnest_24","High",1,5,0,0,0,12,5,0,0,0,0
"52",2023-07-06,187,"NN","H","trapnest_24","High",2,4,0,0,0,12,5,0,0,0,0
"53",2023-06-23,174,"NN","I","trapnest_25","Low",1,16,0,0,0,2,2,0,0,0,0
"54",2023-06-30,181,"NN","I","trapnest_25","Low",1,14,0,0,0,2,2,0,0,0,0
"55",2023-07-03,184,"NN","I","trapnest_25","Low",2,14,0,0,0,2,2,0,0,0,0
"56",2023-07-04,185,"NN","I","trapnest_25","Low",1,12,0,0,0,2,2,0,0,0,0
"57",2023-07-06,187,"NN","I","trapnest_25","Low",2,13,0,0,0,1,1,0,0,0,0
"58",2023-06-23,174,"NN","I","trapnest_26","Mid",1,12,0,0,0,6,0,0,0,0,0
"59",2023-06-30,181,"NN","I","trapnest_26","Mid",1,12,0,0,0,6,0,0,0,0,0
"60",2023-07-03,184,"NN","I","trapnest_26","Mid",2,12,0,0,0,6,0,0,0,0,0
"61",2023-07-04,185,"NN","I","trapnest_26","Mid",1,12,0,0,0,6,0,0,0,0,0
"62",2023-07-06,187,"NN","I","trapnest_26","Mid",2,11,0,0,0,6,0,0,0,0,0
"63",2023-06-23,174,"NN","I","trapnest_27","High",1,7,0,0,0,11,0,0,0,0,0
"64",2023-06-30,181,"NN","I","trapnest_27","High",1,6,0,0,0,11,0,0,0,0,0
"65",2023-07-03,184,"NN","I","trapnest_27","High",2,6,0,0,0,11,0,0,0,0,0
"66",2023-07-04,185,"NN","I","trapnest_27","High",1,6,0,0,0,11,0,0,0,0,0
"67",2023-07-06,187,"NN","I","trapnest_27","High",2,5,0,0,0,11,0,0,0,0,0
"68",2023-06-23,174,"NN","J","trapnest_28","Low",1,15,0,0,0,1,1,0,0,1,0
"69",2023-06-30,181,"NN","J","trapnest_28","Low",1,13,0,0,0,1,1,0,0,0,0
"70",2023-07-03,184,"NN","J","trapnest_28","Low",2,18,0,0,0,0,0,0,0,0,0
"71",2023-07-04,185,"NN","J","trapnest_28","Low",1,15,0,0,0,0,0,0,0,0,0
"72",2023-07-06,187,"NN","J","trapnest_28","Low",2,15,0,0,0,0,0,0,0,0,0
"73",2023-06-23,174,"NN","J","trapnest_29","Mid",1,10,0,0,0,6,1,0,0,1,0
"74",2023-06-30,181,"NN","J","trapnest_29","Mid",1,10,0,0,0,6,1,0,0,1,0
"75",2023-07-03,184,"NN","J","trapnest_29","Mid",2,11,0,0,0,6,1,0,0,1,0
"76",2023-07-04,185,"NN","J","trapnest_29","Mid",1,11,0,0,0,6,1,0,0,1,0
"77",2023-07-06,187,"NN","J","trapnest_29","Mid",2,11,0,0,0,6,1,0,0,1,0
"78",2023-06-23,174,"BP","A","trapnest_3","High",3,6,0,0,0,11,6,0,0,0,0
"79",2023-06-29,180,"BP","A","trapnest_3","High",1,5,0,0,0,11,6,0,0,0,0
"80",2023-06-23,174,"NN","J","trapnest_30","High",1,4,0,0,0,11,0,2,2,0,0
"81",2023-06-30,181,"NN","J","trapnest_30","High",1,4,1,0,1,11,0,2,2,0,0.25
"82",2023-07-03,184,"NN","J","trapnest_30","High",2,5,0,0,0,10,0,2,2,0,0
"83",2023-07-04,185,"NN","J","trapnest_30","High",1,5,0,0,0,10,0,2,2,0,0
"84",2023-07-06,187,"NN","J","trapnest_30","High",2,5,0,0,0,10,0,2,2,0,0
"85",2023-06-23,174,"NN","K","trapnest_31","Low",1,15,0,0,0,0,0,0,0,0,0
"86",2023-06-30,181,"NN","K","trapnest_31","Low",1,14,0,0,0,0,0,0,0,0,0
"87",2023-07-03,184,"NN","K","trapnest_31","Low",2,17,0,0,0,0,0,0,0,0,0
"88",2023-07-04,185,"NN","K","trapnest_31","Low",1,16,0,0,0,0,0,0,0,0,0
"89",2023-07-06,187,"NN","K","trapnest_31","Low",2,17,0,0,0,0,0,0,0,0,0
"90",2023-06-23,174,"NN","K","trapnest_32","Mid",1,11,0,0,0,6,2,0,0,0,0
"91",2023-07-03,184,"NN","K","trapnest_32","Mid",2,11,0,0,0,6,1,0,0,0,0
"92",2023-07-04,185,"NN","K","trapnest_32","Mid",1,10,0,0,0,6,1,0,0,0,0
"93",2023-07-06,187,"NN","K","trapnest_32","Mid",2,9,0,0,0,6,1,0,0,0,0
"94",2023-06-30,181,"NN","K","trapnest_32","Mid",1,9,0,0,0,6,2,0,0,0,0
"95",2023-06-23,174,"NN","K","trapnest_33","High",1,7,0,0,0,11,0,0,0,0,0
"96",2023-06-30,181,"NN","K","trapnest_33","High",1,7,0,0,0,11,0,0,0,0,0
"97",2023-07-03,184,"NN","K","trapnest_33","High",2,7,0,0,0,11,0,0,0,0,0
"98",2023-07-04,185,"NN","K","trapnest_33","High",1,7,0,0,0,11,0,0,0,0,0
"99",2023-07-06,187,"NN","K","trapnest_33","High",2,7,0,0,0,11,0,0,0,0,0
"100",2023-06-23,174,"NN","L","trapnest_34","Low",1,18,0,0,0,0,0,0,0,0,0
"101",2023-06-30,181,"NN","L","trapnest_34","Low",1,18,0,0,0,0,0,0,0,0,0
"102",2023-07-03,184,"NN","L","trapnest_34","Low",2,18,0,0,0,0,0,0,0,0,0
"103",2023-07-04,185,"NN","L","trapnest_34","Low",1,17,0,0,0,0,0,0,0,0,0
"104",2023-07-06,187,"NN","L","trapnest_34","Low",2,17,0,0,0,0,0,0,0,0,0
"105",2023-06-23,174,"NN","L","trapnest_35","Mid",1,8,0,0,0,7,2,0,0,0,0
"106",2023-06-30,181,"NN","L","trapnest_35","Mid",1,6,0,0,0,7,2,0,0,0,0
"107",2023-07-03,184,"NN","L","trapnest_35","Mid",2,10,0,0,0,6,2,0,0,0,0
"108",2023-07-04,185,"NN","L","trapnest_35","Mid",1,10,0,0,0,6,2,0,0,0,0
"109",2023-07-06,187,"NN","L","trapnest_35","Mid",2,12,1,1,0,6,2,0,0,0,0
"110",2023-06-23,174,"NN","L","trapnest_36","High",1,6,0,0,0,11,7,0,0,0,0
"111",2023-06-30,181,"NN","L","trapnest_36","High",1,5,0,0,0,11,7,0,0,0,0
"112",2023-07-03,184,"NN","L","trapnest_36","High",2,6,0,0,0,11,7,0,0,0,0
"113",2023-07-04,185,"NN","L","trapnest_36","High",1,5,0,0,0,11,7,0,0,0,0
"114",2023-07-06,187,"NN","L","trapnest_36","High",2,7,0,0,0,11,7,0,0,0,0
"115",2023-07-03,184,"BP","M","trapnest_37","Low",1,18,0,0,0,0,0,0,0,0,0
"116",2023-07-04,185,"BP","M","trapnest_37","Low",1,18,0,0,0,0,0,0,0,0,0
"117",2023-07-07,188,"BP","M","trapnest_37","Low",3,18,0,0,0,0,0,0,0,0,0
"118",2023-07-10,191,"BP","M","trapnest_37","Low",1,17,0,0,0,0,0,0,0,0,0
"119",2023-07-12,193,"BP","M","trapnest_37","Low",1,18,0,0,0,0,0,0,0,0,0
"120",2023-07-14,195,"BP","M","trapnest_37","Low",1,18,0,0,0,0,0,0,0,0,0
"121",2023-07-17,198,"BP","M","trapnest_37","Low",2,18,0,0,0,0,0,0,0,0,0
"122",2023-07-20,201,"BP","M","trapnest_37","Low",2,18,0,0,0,0,0,0,0,0,0
"123",2023-07-24,205,"BP","M","trapnest_37","Low",2,18,0,0,0,0,0,0,0,0,0
"124",2023-07-26,207,"BP","M","trapnest_37","Low",1,17,0,0,0,0,0,0,0,0,0
"125",2023-07-28,209,"BP","M","trapnest_37","Low",0,17,0,0,0,0,0,0,0,0,0
"126",2023-07-29,210,"BP","M","trapnest_37","Low",0,17,0,0,0,0,0,0,0,0,0
"127",2023-08-01,213,"BP","M","trapnest_37","Low",2,15,0,0,0,0,0,0,0,0,0
"128",2023-08-04,216,"BP","M","trapnest_37","Low",2,17,0,0,0,0,0,0,0,0,0
"129",2023-07-03,184,"BP","M","trapnest_38","Mid",1,12,0,0,0,0,0,6,0,0,0
"130",2023-07-04,185,"BP","M","trapnest_38","Mid",1,11,0,0,0,0,0,6,0,0,0
"131",2023-07-07,188,"BP","M","trapnest_38","Mid",3,11,0,0,0,0,0,6,0,0,0
"132",2023-07-10,191,"BP","M","trapnest_38","Mid",1,12,0,0,0,0,0,6,0,0,0
"133",2023-07-12,193,"BP","M","trapnest_38","Mid",1,12,0,0,0,0,0,6,0,0,0
"134",2023-07-14,195,"BP","M","trapnest_38","Mid",1,12,0,0,0,0,0,6,0,0,0
"135",2023-07-17,198,"BP","M","trapnest_38","Mid",2,12,0,0,0,0,0,6,0,0,0
"136",2023-07-20,201,"BP","M","trapnest_38","Mid",2,12,0,0,0,0,0,6,0,0,0
"137",2023-07-24,205,"BP","M","trapnest_38","Mid",2,12,0,0,0,0,0,6,0,0,0
"138",2023-07-26,207,"BP","M","trapnest_38","Mid",1,12,0,0,0,0,0,6,0,0,0
"139",2023-07-28,209,"BP","M","trapnest_38","Mid",0,12,0,0,0,0,0,6,0,0,0
"140",2023-07-29,210,"BP","M","trapnest_38","Mid",0,12,0,0,0,0,0,6,0,0,0
"141",2023-08-01,213,"BP","M","trapnest_38","Mid",2,12,0,0,0,0,0,6,0,0,0
"142",2023-08-04,216,"BP","M","trapnest_38","Mid",2,12,0,0,0,0,0,6,0,0,0
"143",2023-07-03,184,"BP","M","trapnest_39","High",1,7,0,0,0,0,0,11,0,0,0
"144",2023-07-04,185,"BP","M","trapnest_39","High",1,6,0,0,0,0,0,11,0,0,0
"145",2023-07-07,188,"BP","M","trapnest_39","High",3,6,0,0,0,0,0,11,0,0,0
"146",2023-07-10,191,"BP","M","trapnest_39","High",1,6,0,0,0,0,0,11,0,0,0
"147",2023-07-12,193,"BP","M","trapnest_39","High",1,6,0,0,0,0,0,11,0,0,0
"148",2023-07-14,195,"BP","M","trapnest_39","High",1,6,0,0,0,0,0,11,0,0,0
"149",2023-07-17,198,"BP","M","trapnest_39","High",2,6,0,0,0,0,0,11,0,0,0
"150",2023-07-20,201,"BP","M","trapnest_39","High",2,7,0,0,0,0,0,11,0,0,0
"151",2023-07-24,205,"BP","M","trapnest_39","High",2,7,0,0,0,0,0,11,0,0,0
"152",2023-07-26,207,"BP","M","trapnest_39","High",1,7,0,0,0,0,0,11,0,0,0
"153",2023-07-28,209,"BP","M","trapnest_39","High",0,7,0,0,0,0,0,11,0,0,0
"154",2023-07-29,210,"BP","M","trapnest_39","High",0,7,0,0,0,0,0,11,0,0,0
"155",2023-08-01,213,"BP","M","trapnest_39","High",2,7,0,0,0,0,0,11,0,0,0
"156",2023-08-04,216,"BP","M","trapnest_39","High",2,7,0,0,0,0,0,11,0,0,0
"157",2023-06-23,174,"BP","B","trapnest_4","Low",3,15,1,1,0,0,0,0,0,0,0
"158",2023-06-29,180,"BP","B","trapnest_4","Low",1,15,0,0,0,1,1,0,0,0,0
"159",2023-07-03,184,"BP","N","trapnest_40","Low",1,18,0,0,0,0,0,0,0,0,0
"160",2023-07-04,185,"BP","N","trapnest_40","Low",1,18,0,0,0,0,0,0,0,0,0
"161",2023-07-07,188,"BP","N","trapnest_40","Low",3,18,0,0,0,0,0,0,0,0,0
"162",2023-07-10,191,"BP","N","trapnest_40","Low",1,18,0,0,0,0,0,0,0,0,0
"163",2023-07-12,193,"BP","N","trapnest_40","Low",1,18,0,0,0,0,0,0,0,0,0
"164",2023-07-14,195,"BP","N","trapnest_40","Low",1,18,0,0,0,0,0,0,0,0,0
"165",2023-07-17,198,"BP","N","trapnest_40","Low",2,18,0,0,0,0,0,0,0,0,0
"166",2023-07-20,201,"BP","N","trapnest_40","Low",2,18,0,0,0,0,0,0,0,0,0
"167",2023-07-24,205,"BP","N","trapnest_40","Low",2,18,0,0,0,0,0,0,0,0,0
"168",2023-07-26,207,"BP","N","trapnest_40","Low",1,18,0,0,0,0,0,0,0,0,0
"169",2023-07-28,209,"BP","N","trapnest_40","Low",0,18,0,0,0,0,0,0,0,0,0
"170",2023-07-29,210,"BP","N","trapnest_40","Low",0,18,0,0,0,0,0,0,0,0,0
"171",2023-08-01,213,"BP","N","trapnest_40","Low",2,18,0,0,0,0,0,0,0,0,0
"172",2023-08-04,216,"BP","N","trapnest_40","Low",2,18,0,0,0,0,0,0,0,0,0
"173",2023-07-03,184,"BP","N","trapnest_41","Mid",1,12,0,0,0,0,0,6,0,0,0
"174",2023-07-04,185,"BP","N","trapnest_41","Mid",1,10,0,0,0,0,0,6,0,0,0
"175",2023-07-07,188,"BP","N","trapnest_41","Mid",3,11,0,0,0,0,0,6,0,0,0
"176",2023-07-10,191,"BP","N","trapnest_41","Mid",1,11,0,0,0,0,0,6,0,0,0
"177",2023-07-12,193,"BP","N","trapnest_41","Mid",1,12,0,0,0,0,0,6,0,0,0
"178",2023-07-14,195,"BP","N","trapnest_41","Mid",1,12,0,0,0,0,0,6,0,0,0
"179",2023-07-17,198,"BP","N","trapnest_41","Mid",2,12,0,0,0,0,0,6,0,0,0
"180",2023-07-20,201,"BP","N","trapnest_41","Mid",2,12,0,0,0,0,0,6,0,0,0
"181",2023-07-24,205,"BP","N","trapnest_41","Mid",2,12,0,0,0,0,0,6,0,0,0
"182",2023-07-26,207,"BP","N","trapnest_41","Mid",1,12,0,0,0,0,0,6,0,0,0
"183",2023-07-28,209,"BP","N","trapnest_41","Mid",0,12,0,0,0,0,0,6,0,0,0
"184",2023-07-29,210,"BP","N","trapnest_41","Mid",0,12,0,0,0,0,0,6,0,0,0
"185",2023-08-01,213,"BP","N","trapnest_41","Mid",2,12,0,0,0,0,0,6,0,0,0
"186",2023-08-04,216,"BP","N","trapnest_41","Mid",2,12,0,0,0,0,0,6,0,0,0
"187",2023-07-03,184,"BP","N","trapnest_42","High",1,7,0,0,0,0,0,11,0,0,0
"188",2023-07-04,185,"BP","N","trapnest_42","High",1,5,0,0,0,0,0,11,0,0,0
"189",2023-07-07,188,"BP","N","trapnest_42","High",3,7,0,0,0,0,0,11,0,0,0
"190",2023-07-10,191,"BP","N","trapnest_42","High",1,7,0,0,0,0,0,11,0,0,0
"191",2023-07-12,193,"BP","N","trapnest_42","High",1,7,0,0,0,0,0,11,0,0,0
"192",2023-07-14,195,"BP","N","trapnest_42","High",1,7,0,0,0,0,0,11,0,0,0
"193",2023-07-17,198,"BP","N","trapnest_42","High",2,7,0,0,0,0,0,11,0,0,0
"194",2023-07-20,201,"BP","N","trapnest_42","High",2,7,1,0,1,0,0,11,0,0,0.142857142857143
"195",2023-07-24,205,"BP","N","trapnest_42","High",2,8,3,0,3,0,0,11,1,0,0.375
"196",2023-07-26,207,"BP","N","trapnest_42","High",1,8,1,0,1,0,0,10,2,0,0.125
"197",2023-07-28,209,"BP","N","trapnest_42","High",0,7,0,0,0,0,0,11,3,0,0
"198",2023-07-29,210,"BP","N","trapnest_42","High",0,7,0,0,0,0,0,11,3,0,0
"199",2023-08-01,213,"BP","N","trapnest_42","High",2,7,0,0,0,0,0,11,3,0,0
"200",2023-08-04,216,"BP","N","trapnest_42","High",2,7,0,0,0,0,0,11,3,0,0
"201",2023-07-03,184,"BP","O","trapnest_43","Low",1,18,0,0,0,0,0,0,0,0,0
"202",2023-07-04,185,"BP","O","trapnest_43","Low",1,18,2,0,2,0,0,0.5,0.5,0,0.111111111111111
"203",2023-07-07,188,"BP","O","trapnest_43","Low",3,15,0,0,0,0,0,3,3,0,0
"204",2023-07-10,191,"BP","O","trapnest_43","Low",1,15,0,0,0,0,0,3,3,0,0
"205",2023-07-12,193,"BP","O","trapnest_43","Low",1,18,1,0,1,0,0,0,0,0,0.0555555555555556
"206",2023-07-14,195,"BP","O","trapnest_43","Low",1,18,1,0,1,0,0,0,0,0,0.0555555555555556
"207",2023-07-17,198,"BP","O","trapnest_43","Low",2,17,0,0,0,0,0,1,1,0,0
"208",2023-07-20,201,"BP","O","trapnest_43","Low",2,17,0,0,0,0,0,1,1,0,0
"209",2023-07-24,205,"BP","O","trapnest_43","Low",2,17,0,0,0,0,0,1,1,0,0
"210",2023-07-26,207,"BP","O","trapnest_43","Low",1,17,0,0,0,0,0,1,1,0,0
"211",2023-07-28,209,"BP","O","trapnest_43","Low",0,17,0,0,0,0,0,1,1,0,0
"212",2023-07-29,210,"BP","O","trapnest_43","Low",0,17,0,0,0,0,0,1,1,0,0
"213",2023-08-01,213,"BP","O","trapnest_43","Low",2,17,0,0,0,0,0,1,1,0,0
"214",2023-08-04,216,"BP","O","trapnest_43","Low",2,18,1,0,1,0,0,0,0,0,0.0555555555555556
"215",2023-07-03,184,"BP","O","trapnest_44","Mid",1,12,0,0,0,0,0,6,0,0,0
"216",2023-07-04,185,"BP","O","trapnest_44","Mid",1,12,0,0,0,0,0,6,0,0,0
"217",2023-07-07,188,"BP","O","trapnest_44","Mid",3,12,0,0,0,0,0,6,0,0,0
"218",2023-07-10,191,"BP","O","trapnest_44","Mid",1,12,0,0,0,0,0,6,0,0,0
"219",2023-07-12,193,"BP","O","trapnest_44","Mid",1,12,0,0,0,0,0,6,0,0,0
"220",2023-07-14,195,"BP","O","trapnest_44","Mid",1,12,0,0,0,0,0,6,0,0,0
"221",2023-07-17,198,"BP","O","trapnest_44","Mid",2,12,0,0,0,0,0,6,0,0,0
"222",2023-07-20,201,"BP","O","trapnest_44","Mid",2,12,1,0,1,0,0,6,0,0,0.0833333333333333
"223",2023-07-24,205,"BP","O","trapnest_44","Mid",2,13,5,0,5,0,0,7,2,0,0.384615384615385
"224",2023-07-26,207,"BP","O","trapnest_44","Mid",1,14,2,0,2,0,0,4.5,2.5,0,0.142857142857143
"225",2023-07-28,209,"BP","O","trapnest_44","Mid",0,12,0,0,0,0,0,6,4,0,0
"226",2023-07-29,210,"BP","O","trapnest_44","Mid",0,13,1,0,1,0,0,5,3,0,0.0769230769230769
"227",2023-08-01,213,"BP","O","trapnest_44","Mid",2,13,2,0,2,0,0,5.5,3.5,0,0.153846153846154
"228",2023-08-04,216,"BP","O","trapnest_44","Mid",2,13,2,0,2,0,0,5.5,2.5,0,0.153846153846154
"229",2023-07-03,184,"BP","O","trapnest_45","High",1,7,0,0,0,0,0,11,0,0,0
"230",2023-07-04,185,"BP","O","trapnest_45","High",1,3,0,0,0,0,0,11,0,0,0
"231",2023-07-07,188,"BP","O","trapnest_45","High",3,4,0,0,0,0,0,11,0,0,0
"232",2023-07-10,191,"BP","O","trapnest_45","High",1,4,0,0,0,0,0,11,0,0,0
"233",2023-07-12,193,"BP","O","trapnest_45","High",1,7,0,0,0,0,0,11,0,0,0
"234",2023-07-14,195,"BP","O","trapnest_45","High",1,7,0,0,0,0,0,11,0,0,0
"235",2023-07-17,198,"BP","O","trapnest_45","High",2,7,0,0,0,0,0,11,0,0,0
"236",2023-07-20,201,"BP","O","trapnest_45","High",2,7,0,0,0,0,0,11,0,0,0
"237",2023-07-24,205,"BP","O","trapnest_45","High",2,7,0,0,0,0,0,11,0,0,0
"238",2023-07-26,207,"BP","O","trapnest_45","High",1,7,0,0,0,0,0,11,0,0,0
"239",2023-07-28,209,"BP","O","trapnest_45","High",0,7,0,0,0,0,0,11,0,0,0
"240",2023-07-29,210,"BP","O","trapnest_45","High",0,7,0,0,0,0,0,11,0,0,0
"241",2023-08-01,213,"BP","O","trapnest_45","High",2,7,0,0,0,0,0,11,0,0,0
"242",2023-08-04,216,"BP","O","trapnest_45","High",2,7,1,0,1,0,0,11,0,0,0.142857142857143
"243",2023-07-03,184,"BP","P","trapnest_46","Low",1,18,0,0,0,0,0,0,0,0,0
"244",2023-07-04,185,"BP","P","trapnest_46","Low",1,18,0,0,0,0,0,0,0,0,0
"245",2023-07-07,188,"BP","P","trapnest_46","Low",3,17,0,0,0,0,0,0,0,0,0
"246",2023-07-10,191,"BP","P","trapnest_46","Low",1,16,0,0,0,0,0,0,0,0,0
"247",2023-07-12,193,"BP","P","trapnest_46","Low",1,17,0,0,0,0,0,0,0,0,0
"248",2023-07-14,195,"BP","P","trapnest_46","Low",1,18,0,0,0,0,0,0,0,0,0
"249",2023-07-17,198,"BP","P","trapnest_46","Low",2,18,0,0,0,0,0,0,0,0,0
"250",2023-07-20,201,"BP","P","trapnest_46","Low",2,18,0,0,0,0,0,0,0,0,0
"251",2023-07-24,205,"BP","P","trapnest_46","Low",2,18,0,0,0,0,0,0,0,0,0
"252",2023-07-26,207,"BP","P","trapnest_46","Low",1,18,0,0,0,0,0,0,0,0,0
"253",2023-07-28,209,"BP","P","trapnest_46","Low",0,18,0,0,0,0,0,0,0,0,0
"254",2023-07-29,210,"BP","P","trapnest_46","Low",0,18,0,0,0,0,0,0,0,0,0
"255",2023-08-01,213,"BP","P","trapnest_46","Low",2,18,0,0,0,0,0,0,0,0,0
"256",2023-08-04,216,"BP","P","trapnest_46","Low",2,18,0,0,0,0,0,0,0,0,0
"257",2023-07-03,184,"BP","P","trapnest_47","Mid",1,12,0,0,0,0,0,6,0,0,0
"258",2023-07-04,185,"BP","P","trapnest_47","Mid",1,12,0,0,0,0,0,6,0,0,0
"259",2023-07-07,188,"BP","P","trapnest_47","Mid",3,12,0,0,0,0,0,6,0,0,0
"260",2023-07-10,191,"BP","P","trapnest_47","Mid",1,12,0,0,0,0,0,6,0,0,0
"261",2023-07-12,193,"BP","P","trapnest_47","Mid",1,12,0,0,0,0,0,6,0,0,0
"262",2023-07-14,195,"BP","P","trapnest_47","Mid",1,12,0,0,0,0,0,6,0,0,0
"263",2023-07-17,198,"BP","P","trapnest_47","Mid",2,12,0,0,0,0,0,6,0,0,0
"264",2023-07-20,201,"BP","P","trapnest_47","Mid",2,12,0,0,0,0,0,6,0,0,0
"265",2023-07-24,205,"BP","P","trapnest_47","Mid",2,12,0,0,0,0,0,6,0,0,0
"266",2023-07-26,207,"BP","P","trapnest_47","Mid",1,12,0,0,0,0,0,6,0,0,0
"267",2023-07-28,209,"BP","P","trapnest_47","Mid",0,12,0,0,0,0,0,6,0,0,0
"268",2023-07-29,210,"BP","P","trapnest_47","Mid",0,12,0,0,0,0,0,6,0,0,0
"269",2023-08-01,213,"BP","P","trapnest_47","Mid",2,12,0,0,0,0,0,6,0,0,0
"270",2023-08-04,216,"BP","P","trapnest_47","Mid",2,12,0,0,0,0,0,6,0,0,0
"271",2023-07-03,184,"BP","P","trapnest_48","High",1,7,0,0,0,0,0,11,0,0,0
"272",2023-07-04,185,"BP","P","trapnest_48","High",1,6,0,0,0,0,0,11,0,0,0
"273",2023-07-07,188,"BP","P","trapnest_48","High",3,6,0,0,0,0,0,10,0,0,0
"274",2023-07-10,191,"BP","P","trapnest_48","High",1,6,0,0,0,0,0,11,0,0,0
"275",2023-07-12,193,"BP","P","trapnest_48","High",1,7,0,0,0,0,0,11,0,0,0
"276",2023-07-14,195,"BP","P","trapnest_48","High",1,7,0,0,0,0,0,11,0,0,0
"277",2023-07-17,198,"BP","P","trapnest_48","High",2,7,0,0,0,0,0,11,0,0,0
"278",2023-07-20,201,"BP","P","trapnest_48","High",2,7,0,0,0,0,0,11,0,0,0
"279",2023-07-24,205,"BP","P","trapnest_48","High",2,7,0,0,0,0,0,11,0,0,0
"280",2023-07-26,207,"BP","P","trapnest_48","High",1,7,0,0,0,0,0,11,0,0,0
"281",2023-07-28,209,"BP","P","trapnest_48","High",0,7,0,0,0,0,0,11,0,0,0
"282",2023-07-29,210,"BP","P","trapnest_48","High",0,7,0,0,0,0,0,11,0,0,0
"283",2023-08-01,213,"BP","P","trapnest_48","High",2,7,0,0,0,0,0,11,0,0,0
"284",2023-08-04,216,"BP","P","trapnest_48","High",2,7,0,0,0,0,0,11,0,0,0
"285",2023-07-03,184,"BP","Q","trapnest_49","Low",1,17,0,0,0,0,0,0,0,0,0
"286",2023-07-04,185,"BP","Q","trapnest_49","Low",1,17,0,0,0,0,0,0,0,0,0
"287",2023-07-07,188,"BP","Q","trapnest_49","Low",3,16,0,0,0,0,0,0,0,0,0
"288",2023-07-10,191,"BP","Q","trapnest_49","Low",1,17,0,0,0,0,0,0,0,0,0
"289",2023-07-12,193,"BP","Q","trapnest_49","Low",1,17,0,0,0,0,0,0,0,0,0
"290",2023-07-14,195,"BP","Q","trapnest_49","Low",1,17,0,0,0,0,0,0,0,0,0
"291",2023-07-17,198,"BP","Q","trapnest_49","Low",2,17,0,0,0,0,0,0,0,0,0
"292",2023-07-20,201,"BP","Q","trapnest_49","Low",2,16,0,0,0,0,0,0,0,0,0
"293",2023-07-24,205,"BP","Q","trapnest_49","Low",2,17,0,0,0,0,0,0,0,0,0
"294",2023-07-26,207,"BP","Q","trapnest_49","Low",1,17,1,0,1,0,0,0,0,0,0.0588235294117647
"295",2023-07-28,209,"BP","Q","trapnest_49","Low",0,17,1,0,1,0,0,0,0,0,0.0588235294117647
"296",2023-07-29,210,"BP","Q","trapnest_49","Low",0,16,0,0,0,0,0,1,1,0,0
"297",2023-08-01,213,"BP","Q","trapnest_49","Low",2,16,0,0,0,0,0,1,1,0,0
"298",2023-08-04,216,"BP","Q","trapnest_49","Low",2,15,0,0,0,0,0,1,1,0,0
"299",2023-06-23,174,"BP","B","trapnest_5","Mid",3,13,1,0,1,4,0,1,1,0,0.0769230769230769
"300",2023-06-29,180,"BP","B","trapnest_5","Mid",1,10,1,0,1,6,0,2,2,0,0.1
"301",2023-07-03,184,"BP","Q","trapnest_50","Mid",1,12,0,0,0,0,0,6,0,0,0
"302",2023-07-04,185,"BP","Q","trapnest_50","Mid",1,10,2,1,1,0,0,6,0,0,0.1
"303",2023-07-07,188,"BP","Q","trapnest_50","Mid",3,7,0,0,0,1,1,6,1,0,0
"304",2023-07-10,191,"BP","Q","trapnest_50","Mid",1,5,0,0,0,1,1,6,1,0,0
"305",2023-07-12,193,"BP","Q","trapnest_50","Mid",1,9,0,0,0,0,0,6,1,0,0
"306",2023-07-14,195,"BP","Q","trapnest_50","Mid",1,8,0,0,0,0,0,7,1,0,0
"307",2023-07-17,198,"BP","Q","trapnest_50","Mid",2,8,0,0,0,0,0,7,1,0,0
"308",2023-07-20,201,"BP","Q","trapnest_50","Mid",2,7,0,0,0,0,0,7,1,0,0
"309",2023-07-24,205,"BP","Q","trapnest_50","Mid",2,8,0,0,0,0,0,7,1,0,0
"310",2023-07-26,207,"BP","Q","trapnest_50","Mid",1,8,0,0,0,0,0,7,1,0,0
"311",2023-07-28,209,"BP","Q","trapnest_50","Mid",0,8,0,0,0,0,0,7,1,0,0
"312",2023-07-29,210,"BP","Q","trapnest_50","Mid",0,8,0,0,0,0,0,7,1,0,0
"313",2023-08-01,213,"BP","Q","trapnest_50","Mid",2,8,0,0,0,0,0,7,1,0,0
"314",2023-08-04,216,"BP","Q","trapnest_50","Mid",2,10,0,0,0,0,0,7,1,0,0
"315",2023-07-03,184,"BP","Q","trapnest_51","High",1,7,0,0,0,0,0,11,0,0,0
"316",2023-07-04,185,"BP","Q","trapnest_51","High",1,7,1,1,0,0,0,11,0,0,0
"317",2023-07-07,188,"BP","Q","trapnest_51","High",3,6,0,0,0,1,1,11,0,0,0
"318",2023-07-10,191,"BP","Q","trapnest_51","High",1,6,0,0,0,1,1,11,0,0,0
"319",2023-07-12,193,"BP","Q","trapnest_51","High",1,6,0,0,0,0,0,11,0,0,0
"320",2023-07-14,195,"BP","Q","trapnest_51","High",1,6,0,0,0,0,0,11,0,0,0
"321",2023-07-17,198,"BP","Q","trapnest_51","High",2,5,0,0,0,0,0,11,0,0,0
"322",2023-07-20,201,"BP","Q","trapnest_51","High",2,5,0,0,0,0,0,11,0,0,0
"323",2023-07-24,205,"BP","Q","trapnest_51","High",2,5,0,0,0,0,0,11,0,0,0
"324",2023-07-26,207,"BP","Q","trapnest_51","High",1,6,0,0,0,0,0,11,0,0,0
"325",2023-07-28,209,"BP","Q","trapnest_51","High",0,6,0,0,0,0,0,11,0,0,0
"326",2023-07-29,210,"BP","Q","trapnest_51","High",0,6,0,0,0,0,0,11,0,0,0
"327",2023-08-01,213,"BP","Q","trapnest_51","High",2,6,0,0,0,0,0,11,0,0,0
"328",2023-08-04,216,"BP","Q","trapnest_51","High",2,6,0,0,0,0,0,11,0,0,0
"329",2023-07-03,184,"BP","R","trapnest_52","Low",1,18,0,0,0,0,0,0,0,0,0
"330",2023-07-14,195,"BP","R","trapnest_52","Low",1,17,0,0,0,0,0,0,0,0,0
"331",2023-07-24,205,"BP","R","trapnest_52","Low",2,17,0,0,0,0,0,0,0,0,0
"332",2023-07-26,207,"BP","R","trapnest_52","Low",1,17,0,0,0,0,0,0,0,0,0
"333",2023-07-28,209,"BP","R","trapnest_52","Low",0,17,0,0,0,0,0,0,0,0,0
"334",2023-07-29,210,"BP","R","trapnest_52","Low",0,17,0,0,0,0,0,0,0,0,0
"335",2023-08-01,213,"BP","R","trapnest_52","Low",2,17,0,0,0,0,0,0,0,0,0
"336",2023-08-04,216,"BP","R","trapnest_52","Low",2,17,0,0,0,0,0,0,0,0,0
"337",2023-07-04,185,"BP","R","trapnest_52","Low",1,17,0,0,0,0,0,0,0,0,0
"338",2023-07-20,201,"BP","R","trapnest_52","Low",2,16,0,0,0,0,0,0,0,0,0
"339",2023-07-07,188,"BP","R","trapnest_52","Low",3,16,0,0,0,0,0,0,0,0,0
"340",2023-07-10,191,"BP","R","trapnest_52","Low",1,16,0,0,0,0,0,0,0,0,0
"341",2023-07-12,193,"BP","R","trapnest_52","Low",1,16,0,0,0,0,0,0,0,0,0
"342",2023-07-17,198,"BP","R","trapnest_52","Low",2,16,0,0,0,0,0,0,0,0,0
"343",2023-07-03,184,"BP","R","trapnest_53","Mid",1,12,0,0,0,0,0,6,0,0,0
"344",2023-07-04,185,"BP","R","trapnest_53","Mid",1,10,0,0,0,0,0,6,0,0,0
"345",2023-07-07,188,"BP","R","trapnest_53","Mid",3,9,0,0,0,0,0,6,0,0,0
"346",2023-07-10,191,"BP","R","trapnest_53","Mid",1,11,0,0,0,0,0,6,0,0,0
"347",2023-07-12,193,"BP","R","trapnest_53","Mid",1,11,0,0,0,0,0,6,0,0,0
"348",2023-07-14,195,"BP","R","trapnest_53","Mid",1,11,1,0,1,0,0,6,0,0,0.0909090909090909
"349",2023-07-17,198,"BP","R","trapnest_53","Mid",2,10,1,0,1,0,0,5,0,0,0.1
"350",2023-07-20,201,"BP","R","trapnest_53","Mid",2,11,0,0,0,0,0,6,1,0,0
"351",2023-07-24,205,"BP","R","trapnest_53","Mid",2,11,0,0,0,0,0,6,1,0,0
"352",2023-07-26,207,"BP","R","trapnest_53","Mid",1,12,0,0,0,0,0,6,1,0,0
"353",2023-07-28,209,"BP","R","trapnest_53","Mid",0,12,0,0,0,0,0,6,1,0,0
"354",2023-07-29,210,"BP","R","trapnest_53","Mid",0,12,0,0,0,0,0,6,1,0,0
"355",2023-08-01,213,"BP","R","trapnest_53","Mid",2,12,0,0,0,0,0,6,1,0,0
"356",2023-08-04,216,"BP","R","trapnest_53","Mid",2,12,0,0,0,0,0,6,1,0,0
"357",2023-07-03,184,"BP","R","trapnest_54","High",1,7,0,0,0,0,0,11,0,0,0
"358",2023-07-04,185,"BP","R","trapnest_54","High",1,7,0,0,0,0,0,11,0,0,0
"359",2023-07-07,188,"BP","R","trapnest_54","High",3,7,0,0,0,0,0,11,0,0,0
"360",2023-07-10,191,"BP","R","trapnest_54","High",1,7,0,0,0,0,0,11,0,0,0
"361",2023-07-12,193,"BP","R","trapnest_54","High",1,7,0,0,0,0,0,11,0,0,0
"362",2023-07-14,195,"BP","R","trapnest_54","High",1,7,0,0,0,0,0,11,0,0,0
"363",2023-07-17,198,"BP","R","trapnest_54","High",2,7,0,0,0,0,0,11,0,0,0
"364",2023-07-20,201,"BP","R","trapnest_54","High",2,7,0,0,0,0,0,11,0,0,0
"365",2023-07-24,205,"BP","R","trapnest_54","High",2,7,0,0,0,0,0,11,0,0,0
"366",2023-07-26,207,"BP","R","trapnest_54","High",1,7,0,0,0,0,0,11,0,0,0
"367",2023-07-28,209,"BP","R","trapnest_54","High",0,7,0,0,0,0,0,11,0,0,0
"368",2023-07-29,210,"BP","R","trapnest_54","High",0,7,0,0,0,0,0,11,0,0,0
"369",2023-08-01,213,"BP","R","trapnest_54","High",2,7,0,0,0,0,0,11,0,0,0
"370",2023-08-04,216,"BP","R","trapnest_54","High",2,7,0,0,0,0,0,11,0,0,0
"371",2023-07-04,185,"CP","S","trapnest_55","Low",1,18,0,0,0,0,0,0,0,0,0
"372",2023-07-05,186,"CP","S","trapnest_55","Low",1,18,0,0,0,0,0,0,0,0,0
"373",2023-07-07,188,"CP","S","trapnest_55","Low",2,18,0,0,0,0,0,0,0,0,0
"374",2023-07-10,191,"CP","S","trapnest_55","Low",1,18,0,0,0,0,0,0,0,0,0
"375",2023-07-12,193,"CP","S","trapnest_55","Low",1,18,0,0,0,0,0,0,0,0,0
"376",2023-07-14,195,"CP","S","trapnest_55","Low",1,18,0,0,0,0,0,0,0,0,0
"377",2023-07-17,198,"CP","S","trapnest_55","Low",2,18,0,0,0,0,0,0,0,0,0
"378",2023-07-20,201,"CP","S","trapnest_55","Low",2,18,0,0,0,0,0,0,0,0,0
"379",2023-07-24,205,"CP","S","trapnest_55","Low",2,18,0,0,0,0,0,0,0,0,0
"380",2023-07-26,207,"CP","S","trapnest_55","Low",1,18,0,0,0,0,0,0,0,0,0
"381",2023-07-28,209,"CP","S","trapnest_55","Low",0,18,0,0,0,0,0,0,0,0,0
"382",2023-07-29,210,"CP","S","trapnest_55","Low",0,18,0,0,0,0,0,0,0,0,0
"383",2023-08-01,213,"CP","S","trapnest_55","Low",2,18,0,0,0,0,0,0,0,0,0
"384",2023-08-04,216,"CP","S","trapnest_55","Low",2,18,0,0,0,0,0,0,0,0,0
"385",2023-07-04,185,"CP","S","trapnest_56","Mid",1,12,0,0,0,0,0,6,0,0,0
"386",2023-07-05,186,"CP","S","trapnest_56","Mid",1,12,0,0,0,0,0,6,0,0,0
"387",2023-07-07,188,"CP","S","trapnest_56","Mid",2,12,0,0,0,0,0,6,0,0,0
"388",2023-07-10,191,"CP","S","trapnest_56","Mid",1,12,0,0,0,0,0,6,0,0,0
"389",2023-07-12,193,"CP","S","trapnest_56","Mid",1,12,0,0,0,0,0,6,0,0,0
"390",2023-07-14,195,"CP","S","trapnest_56","Mid",1,12,0,0,0,0,0,6,0,0,0
"391",2023-07-17,198,"CP","S","trapnest_56","Mid",2,12,0,0,0,0,0,6,0,0,0
"392",2023-07-20,201,"CP","S","trapnest_56","Mid",2,12,0,0,0,0,0,6,0,0,0
"393",2023-07-24,205,"CP","S","trapnest_56","Mid",2,12,0,0,0,0,0,6,0,0,0
"394",2023-07-26,207,"CP","S","trapnest_56","Mid",1,12,0,0,0,0,0,6,0,0,0
"395",2023-07-28,209,"CP","S","trapnest_56","Mid",0,12,0,0,0,0,0,6,0,0,0
"396",2023-07-29,210,"CP","S","trapnest_56","Mid",0,12,0,0,0,0,0,6,0,0,0
"397",2023-08-01,213,"CP","S","trapnest_56","Mid",2,12,0,0,0,0,0,6,0,0,0
"398",2023-08-04,216,"CP","S","trapnest_56","Mid",2,12,0,0,0,0,0,6,0,0,0
"399",2023-07-04,185,"CP","S","trapnest_57","High",1,7,0,0,0,0,0,11,0,0,0
"400",2023-07-05,186,"CP","S","trapnest_57","High",1,7,0,0,0,0,0,11,0,0,0
"401",2023-07-07,188,"CP","S","trapnest_57","High",2,7,0,0,0,0,0,11,0,0,0
"402",2023-07-10,191,"CP","S","trapnest_57","High",1,7,0,0,0,0,0,11,0,0,0
"403",2023-07-12,193,"CP","S","trapnest_57","High",1,7,0,0,0,0,0,11,0,0,0
"404",2023-07-14,195,"CP","S","trapnest_57","High",1,7,0,0,0,0,0,11,0,0,0
"405",2023-07-17,198,"CP","S","trapnest_57","High",2,7,0,0,0,0,0,11,0,0,0
"406",2023-07-20,201,"CP","S","trapnest_57","High",2,7,0,0,0,0,0,11,0,0,0
"407",2023-07-24,205,"CP","S","trapnest_57","High",2,7,0,0,0,0,0,11,0,0,0
"408",2023-07-26,207,"CP","S","trapnest_57","High",1,7,0,0,0,0,0,11,0,0,0
"409",2023-07-28,209,"CP","S","trapnest_57","High",0,7,0,0,0,0,0,11,0,0,0
"410",2023-07-29,210,"CP","S","trapnest_57","High",0,7,0,0,0,0,0,11,0,0,0
"411",2023-08-01,213,"CP","S","trapnest_57","High",2,7,0,0,0,0,0,11,0,0,0
"412",2023-08-04,216,"CP","S","trapnest_57","High",2,7,0,0,0,0,0,11,0,0,0
"413",2023-07-04,185,"CP","T","trapnest_58","Low",1,18,0,0,0,0,0,0,0,0,0
"414",2023-07-05,186,"CP","T","trapnest_58","Low",1,17,0,0,0,0,0,0,0,0,0
"415",2023-07-07,188,"CP","T","trapnest_58","Low",2,17,0,0,0,0,0,0,0,0,0
"416",2023-07-10,191,"CP","T","trapnest_58","Low",1,18,0,0,0,0,0,0,0,0,0
"417",2023-07-12,193,"CP","T","trapnest_58","Low",1,18,0,0,0,0,0,0,0,0,0
"418",2023-07-14,195,"CP","T","trapnest_58","Low",1,18,0,0,0,0,0,0,0,0,0
"419",2023-07-17,198,"CP","T","trapnest_58","Low",2,18,0,0,0,0,0,0,0,0,0
"420",2023-07-20,201,"CP","T","trapnest_58","Low",2,18,0,0,0,0,0,0,0,0,0
"421",2023-07-24,205,"CP","T","trapnest_58","Low",2,18,0,0,0,0,0,0,0,0,0
"422",2023-07-26,207,"CP","T","trapnest_58","Low",1,18,0,0,0,0,0,0,0,0,0
"423",2023-07-28,209,"CP","T","trapnest_58","Low",0,18,0,0,0,0,0,0,0,0,0
"424",2023-07-29,210,"CP","T","trapnest_58","Low",0,18,0,0,0,0,0,0,0,0,0
"425",2023-08-01,213,"CP","T","trapnest_58","Low",2,18,0,0,0,0,0,0,0,0,0
"426",2023-08-04,216,"CP","T","trapnest_58","Low",2,18,0,0,0,0,0,0,0,0,0
"427",2023-07-04,185,"CP","T","trapnest_59","Mid",1,13,0,0,0,0,0,5,0,0,0
"428",2023-07-05,186,"CP","T","trapnest_59","Mid",1,13,2,0,2,0,0,5.5,0.5,0,0.153846153846154
"429",2023-07-07,188,"CP","T","trapnest_59","Mid",2,12,0,0,0,0,0,6,2,0,0
"430",2023-07-10,191,"CP","T","trapnest_59","Mid",1,12,0,0,0,0,0,6,2,0,0
"431",2023-07-12,193,"CP","T","trapnest_59","Mid",1,13,0,0,0,0,0,5,1,0,0
"432",2023-07-14,195,"CP","T","trapnest_59","Mid",1,13,1,0,1,0,0,5,0,0,0.0769230769230769
"433",2023-07-17,198,"CP","T","trapnest_59","Mid",2,13,0,0,0,0,0,5,1,0,0
"434",2023-07-20,201,"CP","T","trapnest_59","Mid",2,13,0,0,0,0,0,5,1,0,0
"435",2023-07-24,205,"CP","T","trapnest_59","Mid",2,13,0,0,0,0,0,5,1,0,0
"436",2023-07-26,207,"CP","T","trapnest_59","Mid",1,13,0,0,0,0,0,5,1,0,0
"437",2023-07-28,209,"CP","T","trapnest_59","Mid",0,13,1,0,1,0,0,5,1,0,0.0769230769230769
"438",2023-07-29,210,"CP","T","trapnest_59","Mid",0,13,0,0,0,0,0,5,1,0,0
"439",2023-08-01,213,"CP","T","trapnest_59","Mid",2,13,0,0,0,0,0,5,1,0,0
"440",2023-08-04,216,"CP","T","trapnest_59","Mid",2,13,0,0,0,0,0,5,1,0,0
"441",2023-06-23,174,"BP","B","trapnest_6","High",3,6,0,0,0,12,6,0,0,0,0
"442",2023-06-29,180,"BP","B","trapnest_6","High",1,6,0,0,0,12,6,0,0,0,0
"443",2023-07-04,185,"CP","T","trapnest_60","High",1,7,0,0,0,0,0,11,0,0,0
"444",2023-07-05,186,"CP","T","trapnest_60","High",1,7,0,0,0,0,0,11,0,0,0
"445",2023-07-07,188,"CP","T","trapnest_60","High",2,7,0,0,0,0,0,11,0,0,0
"446",2023-07-10,191,"CP","T","trapnest_60","High",1,7,0,0,0,0,0,11,0,0,0
"447",2023-07-12,193,"CP","T","trapnest_60","High",1,7,0,0,0,0,0,11,0,0,0
"448",2023-07-14,195,"CP","T","trapnest_60","High",1,7,0,0,0,0,0,11,0,0,0
"449",2023-07-17,198,"CP","T","trapnest_60","High",2,7,0,0,0,0,0,11,0,0,0
"450",2023-07-20,201,"CP","T","trapnest_60","High",2,7,0,0,0,0,0,11,0,0,0
"451",2023-07-24,205,"CP","T","trapnest_60","High",2,7,0,0,0,0,0,11,0,0,0
"452",2023-07-26,207,"CP","T","trapnest_60","High",1,7,0,0,0,0,0,11,0,0,0
"453",2023-07-28,209,"CP","T","trapnest_60","High",0,7,0,0,0,0,0,11,0,0,0
"454",2023-07-29,210,"CP","T","trapnest_60","High",0,7,0,0,0,0,0,11,0,0,0
"455",2023-08-01,213,"CP","T","trapnest_60","High",2,7,0,0,0,0,0,11,0,0,0
"456",2023-08-04,216,"CP","T","trapnest_60","High",2,7,0,0,0,0,0,11,0,0,0
"457",2023-07-04,185,"CP","U","trapnest_61","Low",1,18,0,0,0,0,0,0,0,0,0
"458",2023-07-05,186,"CP","U","trapnest_61","Low",1,18,0,0,0,0,0,0,0,0,0
"459",2023-07-07,188,"CP","U","trapnest_61","Low",2,18,0,0,0,0,0,0,0,0,0
"460",2023-07-10,191,"CP","U","trapnest_61","Low",1,18,0,0,0,0,0,0,0,0,0
"461",2023-07-12,193,"CP","U","trapnest_61","Low",1,18,0,0,0,0,0,0,0,0,0
"462",2023-07-14,195,"CP","U","trapnest_61","Low",1,18,0,0,0,0,0,0,0,0,0
"463",2023-07-17,198,"CP","U","trapnest_61","Low",2,18,0,0,0,0,0,0,0,0,0
"464",2023-07-20,201,"CP","U","trapnest_61","Low",2,18,0,0,0,0,0,0,0,0,0
"465",2023-07-24,205,"CP","U","trapnest_61","Low",2,18,0,0,0,0,0,0,0,0,0
"466",2023-07-26,207,"CP","U","trapnest_61","Low",1,18,0,0,0,0,0,0,0,0,0
"467",2023-07-28,209,"CP","U","trapnest_61","Low",0,18,0,0,0,0,0,0,0,0,0
"468",2023-07-29,210,"CP","U","trapnest_61","Low",0,18,0,0,0,0,0,0,0,0,0
"469",2023-08-01,213,"CP","U","trapnest_61","Low",2,18,0,0,0,0,0,0,0,0,0
"470",2023-08-04,216,"CP","U","trapnest_61","Low",2,18,0,0,0,0,0,0,0,0,0
"471",2023-07-04,185,"CP","U","trapnest_62","Mid",1,12,0,0,0,0,0,6,0,0,0
"472",2023-07-05,186,"CP","U","trapnest_62","Mid",1,12,1,1,0,0,0,6,0,0,0
"473",2023-07-07,188,"CP","U","trapnest_62","Mid",2,11,0,0,0,1,1,6,0,0,0
"474",2023-07-10,191,"CP","U","trapnest_62","Mid",1,11,0,0,0,1,1,6,0,0,0
"475",2023-07-12,193,"CP","U","trapnest_62","Mid",1,10,0,0,0,1,1,6,0,0,0
"476",2023-07-14,195,"CP","U","trapnest_62","Mid",1,10,0,0,0,1,1,6,0,0,0
"477",2023-07-17,198,"CP","U","trapnest_62","Mid",2,11,0,0,0,0,0,6,0,0,0
"478",2023-07-20,201,"CP","U","trapnest_62","Mid",2,10,0,0,0,0,0,6,0,0,0
"479",2023-07-24,205,"CP","U","trapnest_62","Mid",2,8,0,0,0,0,0,6,0,0,0
"480",2023-07-26,207,"CP","U","trapnest_62","Mid",1,10,0,0,0,0,0,6,0,0,0
"481",2023-07-28,209,"CP","U","trapnest_62","Mid",0,11,0,0,0,0,0,6,0,0,0
"482",2023-07-29,210,"CP","U","trapnest_62","Mid",0,11,0,0,0,0,0,6,0,0,0
"483",2023-08-01,213,"CP","U","trapnest_62","Mid",2,10,0,0,0,0,0,6,0,0,0
"484",2023-08-04,216,"CP","U","trapnest_62","Mid",2,10,0,0,0,0,0,6,0,0,0
"485",2023-07-04,185,"CP","U","trapnest_63","High",1,7,0,0,0,0,0,11,0,0,0
"486",2023-07-05,186,"CP","U","trapnest_63","High",1,7,0,0,0,0,0,11,0,0,0
"487",2023-07-07,188,"CP","U","trapnest_63","High",2,7,0,0,0,0,0,11,0,0,0
"488",2023-07-10,191,"CP","U","trapnest_63","High",1,7,0,0,0,0,0,11,0,0,0
"489",2023-07-12,193,"CP","U","trapnest_63","High",1,7,0,0,0,0,0,11,0,0,0
"490",2023-07-14,195,"CP","U","trapnest_63","High",1,7,0,0,0,0,0,11,0,0,0
"491",2023-07-17,198,"CP","U","trapnest_63","High",2,6,0,0,0,0,0,11,0,0,0
"492",2023-07-20,201,"CP","U","trapnest_63","High",2,6,0,0,0,0,0,11,0,0,0
"493",2023-07-24,205,"CP","U","trapnest_63","High",2,5,0,0,0,0,0,11,0,0,0
"494",2023-07-26,207,"CP","U","trapnest_63","High",1,6,0,0,0,0,0,11,0,0,0
"495",2023-07-28,209,"CP","U","trapnest_63","High",0,6,0,0,0,0,0,11,0,0,0
"496",2023-07-29,210,"CP","U","trapnest_63","High",0,6,0,0,0,0,0,11,0,0,0
"497",2023-08-01,213,"CP","U","trapnest_63","High",2,6,0,0,0,0,0,11,0,0,0
"498",2023-08-04,216,"CP","U","trapnest_63","High",2,6,0,0,0,0,0,11,0,0,0
"499",2023-07-04,185,"CP","V","trapnest_64","Low",1,18,0,0,0,0,0,0,0,0,0
"500",2023-07-05,186,"CP","V","trapnest_64","Low",1,18,1,1,0,0,0,0,0,0,0
"501",2023-07-07,188,"CP","V","trapnest_64","Low",2,16,0,0,0,1,1,0,0,0,0
"502",2023-07-10,191,"CP","V","trapnest_64","Low",1,16,0,0,0,1,1,0,0,0,0
"503",2023-07-12,193,"CP","V","trapnest_64","Low",1,15,0,0,0,1,1,0,0,0,0
"504",2023-07-14,195,"CP","V","trapnest_64","Low",1,16,0,0,0,0,0,0,0,0,0
"505",2023-07-17,198,"CP","V","trapnest_64","Low",2,16,0,0,0,0,0,0,0,0,0
"506",2023-07-20,201,"CP","V","trapnest_64","Low",2,16,0,0,0,0,0,0,0,0,0
"507",2023-07-24,205,"CP","V","trapnest_64","Low",2,16,0,0,0,0,0,0,0,0,0
"508",2023-07-26,207,"CP","V","trapnest_64","Low",1,16,0,0,0,0,0,0,0,0,0
"509",2023-07-28,209,"CP","V","trapnest_64","Low",0,18,0,0,0,0,0,0,0,0,0
"510",2023-07-29,210,"CP","V","trapnest_64","Low",0,18,0,0,0,0,0,0,0,0,0
"511",2023-08-01,213,"CP","V","trapnest_64","Low",2,18,0,0,0,0,0,0,0,0,0
"512",2023-08-04,216,"CP","V","trapnest_64","Low",2,18,0,0,0,0,0,0,0,0,0
"513",2023-07-04,185,"CP","V","trapnest_65","Mid",1,12,0,0,0,0,0,6,0,0,0
"514",2023-07-05,186,"CP","V","trapnest_65","Mid",1,12,0,0,0,0,0,6,0,0,0
"515",2023-07-07,188,"CP","V","trapnest_65","Mid",2,12,0,0,0,0,0,6,0,0,0
"516",2023-07-10,191,"CP","V","trapnest_65","Mid",1,12,0,0,0,0,0,6,0,0,0
"517",2023-07-12,193,"CP","V","trapnest_65","Mid",1,12,0,0,0,0,0,6,0,0,0
"518",2023-07-14,195,"CP","V","trapnest_65","Mid",1,12,0,0,0,0,0,6,0,0,0
"519",2023-07-17,198,"CP","V","trapnest_65","Mid",2,12,0,0,0,0,0,6,0,0,0
"520",2023-07-20,201,"CP","V","trapnest_65","Mid",2,12,0,0,0,0,0,6,0,0,0
"521",2023-07-24,205,"CP","V","trapnest_65","Mid",2,12,0,0,0,0,0,6,0,0,0
"522",2023-07-26,207,"CP","V","trapnest_65","Mid",1,12,0,0,0,0,0,6,0,0,0
"523",2023-07-28,209,"CP","V","trapnest_65","Mid",0,12,0,0,0,0,0,6,0,0,0
"524",2023-07-29,210,"CP","V","trapnest_65","Mid",0,12,0,0,0,0,0,6,0,0,0
"525",2023-08-01,213,"CP","V","trapnest_65","Mid",2,12,0,0,0,0,0,6,0,0,0
"526",2023-08-04,216,"CP","V","trapnest_65","Mid",2,12,0,0,0,0,0,6,0,0,0
"527",2023-07-04,185,"CP","V","trapnest_66","High",1,7,0,0,0,0,0,11,0,0,0
"528",2023-07-05,186,"CP","V","trapnest_66","High",1,6,0,0,0,0,0,10,0,0,0
"529",2023-07-07,188,"CP","V","trapnest_66","High",2,6,0,0,0,0,0,11,0,0,0
"530",2023-07-10,191,"CP","V","trapnest_66","High",1,5,0,0,0,0,0,11,0,0,0
"531",2023-07-12,193,"CP","V","trapnest_66","High",1,6,0,0,0,0,0,11,0,0,0
"532",2023-07-14,195,"CP","V","trapnest_66","High",1,6,0,0,0,0,0,11,0,0,0
"533",2023-07-17,198,"CP","V","trapnest_66","High",2,6,0,0,0,0,0,10,0,0,0
"534",2023-07-20,201,"CP","V","trapnest_66","High",2,6,0,0,0,0,0,11,0,0,0
"535",2023-07-24,205,"CP","V","trapnest_66","High",2,6,0,0,0,0,0,11,0,0,0
"536",2023-07-26,207,"CP","V","trapnest_66","High",1,6,0,0,0,0,0,11,0,0,0
"537",2023-07-28,209,"CP","V","trapnest_66","High",0,5,0,0,0,0,0,11,0,0,0
"538",2023-07-29,210,"CP","V","trapnest_66","High",0,6,0,0,0,0,0,11,0,0,0
"539",2023-08-01,213,"CP","V","trapnest_66","High",2,6,0,0,0,0,0,11,0,0,0
"540",2023-08-04,216,"CP","V","trapnest_66","High",2,5,0,0,0,0,0,11,0,0,0
"541",2023-07-04,185,"CP","W","trapnest_67","Low",1,18,0,0,0,0,0,0,0,0,0
"542",2023-07-05,186,"CP","W","trapnest_67","Low",1,17,0,0,0,0,0,0,0,0,0
"543",2023-07-07,188,"CP","W","trapnest_67","Low",2,16,0,0,0,0,0,0,0,0,0
"544",2023-07-10,191,"CP","W","trapnest_67","Low",1,17,0,0,0,0,0,0,0,0,0
"545",2023-07-12,193,"CP","W","trapnest_67","Low",1,16,0,0,0,0,0,0,0,0,0
"546",2023-07-14,195,"CP","W","trapnest_67","Low",1,17,0,0,0,0,0,0,0,0,0
"547",2023-07-17,198,"CP","W","trapnest_67","Low",2,17,0,0,0,0,0,0,0,0,0
"548",2023-07-20,201,"CP","W","trapnest_67","Low",2,17,0,0,0,0,0,0,0,0,0
"549",2023-07-24,205,"CP","W","trapnest_67","Low",2,18,0,0,0,0,0,0,0,0,0
"550",2023-07-26,207,"CP","W","trapnest_67","Low",1,18,0,0,0,0,0,0,0,0,0
"551",2023-07-28,209,"CP","W","trapnest_67","Low",0,18,0,0,0,0,0,0,0,0,0
"552",2023-07-29,210,"CP","W","trapnest_67","Low",0,18,0,0,0,0,0,0,0,0,0
"553",2023-08-01,213,"CP","W","trapnest_67","Low",2,18,0,0,0,0,0,0,0,0,0
"554",2023-08-04,216,"CP","W","trapnest_67","Low",2,18,0,0,0,0,0,0,0,0,0
"555",2023-07-04,185,"CP","W","trapnest_68","Mid",1,12,0,0,0,0,0,6,0,0,0
"556",2023-07-05,186,"CP","W","trapnest_68","Mid",1,12,0,0,0,0,0,6,0,0,0
"557",2023-07-07,188,"CP","W","trapnest_68","Mid",2,12,0,0,0,0,0,6,0,0,0
"558",2023-07-10,191,"CP","W","trapnest_68","Mid",1,12,0,0,0,0,0,6,0,0,0
"559",2023-07-12,193,"CP","W","trapnest_68","Mid",1,12,0,0,0,0,0,6,0,0,0
"560",2023-07-14,195,"CP","W","trapnest_68","Mid",1,12,0,0,0,0,0,6,0,0,0
"561",2023-07-17,198,"CP","W","trapnest_68","Mid",2,12,0,0,0,0,0,6,0,0,0
"562",2023-07-20,201,"CP","W","trapnest_68","Mid",2,12,0,0,0,0,0,6,0,0,0
"563",2023-07-24,205,"CP","W","trapnest_68","Mid",2,12,0,0,0,0,0,6,0,0,0
"564",2023-07-26,207,"CP","W","trapnest_68","Mid",1,12,0,0,0,0,0,6,0,0,0
"565",2023-07-28,209,"CP","W","trapnest_68","Mid",0,12,0,0,0,0,0,6,0,0,0
"566",2023-07-29,210,"CP","W","trapnest_68","Mid",0,12,0,0,0,0,0,6,0,0,0
"567",2023-08-01,213,"CP","W","trapnest_68","Mid",2,12,0,0,0,0,0,6,0,0,0
"568",2023-08-04,216,"CP","W","trapnest_68","Mid",2,12,0,0,0,0,0,6,0,0,0
"569",2023-07-04,185,"CP","W","trapnest_69","High",1,7,0,0,0,0,0,11,0,0,0
"570",2023-07-05,186,"CP","W","trapnest_69","High",1,7,0,0,0,0,0,11,0,0,0
"571",2023-07-07,188,"CP","W","trapnest_69","High",2,7,0,0,0,0,0,11,0,0,0
"572",2023-07-10,191,"CP","W","trapnest_69","High",1,7,0,0,0,0,0,11,0,0,0
"573",2023-07-12,193,"CP","W","trapnest_69","High",1,7,0,0,0,0,0,11,0,0,0
"574",2023-07-14,195,"CP","W","trapnest_69","High",1,7,0,0,0,0,0,11,0,0,0
"575",2023-07-17,198,"CP","W","trapnest_69","High",2,7,0,0,0,0,0,11,0,0,0
"576",2023-07-20,201,"CP","W","trapnest_69","High",2,7,0,0,0,0,0,11,0,0,0
"577",2023-07-24,205,"CP","W","trapnest_69","High",2,7,0,0,0,0,0,11,0,0,0
"578",2023-07-26,207,"CP","W","trapnest_69","High",1,7,0,0,0,0,0,11,0,0,0
"579",2023-07-28,209,"CP","W","trapnest_69","High",0,7,0,0,0,0,0,11,0,0,0
"580",2023-07-29,210,"CP","W","trapnest_69","High",0,7,0,0,0,0,0,11,0,0,0
"581",2023-08-01,213,"CP","W","trapnest_69","High",2,7,0,0,0,0,0,11,0,0,0
"582",2023-08-04,216,"CP","W","trapnest_69","High",2,7,0,0,0,0,0,11,0,0,0
"583",2023-06-23,174,"BP","C","trapnest_7","Low",3,15,2,1,1,0,0,2,2,0,0.0666666666666667
"584",2023-06-29,180,"BP","C","trapnest_7","Low",1,15,5,0,5,1,1,4,4,0,0.333333333333333
"585",2023-07-04,185,"CP","X","trapnest_70","Low",1,18,0,0,0,0,0,0,0,0,0
"586",2023-07-05,186,"CP","X","trapnest_70","Low",1,17,0,0,0,0,0,0,0,0,0
"587",2023-07-07,188,"CP","X","trapnest_70","Low",2,17,0,0,0,0,0,0,0,0,0
"588",2023-07-10,191,"CP","X","trapnest_70","Low",1,17,0,0,0,0,0,0,0,0,0
"589",2023-07-12,193,"CP","X","trapnest_70","Low",1,17,0,0,0,0,0,0,0,0,0
"590",2023-07-14,195,"CP","X","trapnest_70","Low",1,18,0,0,0,0,0,0,0,0,0
"591",2023-07-17,198,"CP","X","trapnest_70","Low",2,18,0,0,0,0,0,0,0,0,0
"592",2023-07-20,201,"CP","X","trapnest_70","Low",2,18,0,0,0,0,0,0,0,0,0
"593",2023-07-24,205,"CP","X","trapnest_70","Low",2,18,0,0,0,0,0,0,0,0,0
"594",2023-07-26,207,"CP","X","trapnest_70","Low",1,18,0,0,0,0,0,0,0,0,0
"595",2023-07-28,209,"CP","X","trapnest_70","Low",0,18,0,0,0,0,0,0,0,0,0
"596",2023-07-29,210,"CP","X","trapnest_70","Low",0,18,0,0,0,0,0,0,0,0,0
"597",2023-08-01,213,"CP","X","trapnest_70","Low",2,18,0,0,0,0,0,0,0,0,0
"598",2023-08-04,216,"CP","X","trapnest_70","Low",2,18,0,0,0,0,0,0,0,0,0
"599",2023-07-04,185,"CP","X","trapnest_71","Mid",1,12,0,0,0,0,0,6,0,0,0
"600",2023-07-05,186,"CP","X","trapnest_71","Mid",1,12,0,0,0,0,0,6,0,0,0
"601",2023-07-07,188,"CP","X","trapnest_71","Mid",2,11,0,0,0,0,0,6,0,0,0
"602",2023-07-10,191,"CP","X","trapnest_71","Mid",1,12,0,0,0,0,0,5,0,0,0
"603",2023-07-12,193,"CP","X","trapnest_71","Mid",1,12,0,0,0,0,0,5,0,0,0
"604",2023-07-14,195,"CP","X","trapnest_71","Mid",1,12,0,0,0,0,0,6,0,0,0
"605",2023-07-17,198,"CP","X","trapnest_71","Mid",2,12,1,0,1,0,0,6,0,0,0.0833333333333333
"606",2023-07-20,201,"CP","X","trapnest_71","Mid",2,11,0,0,0,0,0,6,0,0,0
"607",2023-07-24,205,"CP","X","trapnest_71","Mid",2,11,0,0,0,0,0,5,0,0,0
"608",2023-07-26,207,"CP","X","trapnest_71","Mid",1,12,0,0,0,0,0,4,0,0,0
"609",2023-07-28,209,"CP","X","trapnest_71","Mid",0,12,1,0,1,0,0,4,0,0,0.0833333333333333
"610",2023-07-29,210,"CP","X","trapnest_71","Mid",0,12,0,0,0,0,0,4,1,0,0
"611",2023-08-01,213,"CP","X","trapnest_71","Mid",2,12,0,0,0,0,0,4,1,0,0
"612",2023-08-04,216,"CP","X","trapnest_71","Mid",2,12,0,0,0,0,0,4,1,0,0
"613",2023-07-04,185,"CP","X","trapnest_72","High",1,7,0,0,0,0,0,11,0,0,0
"614",2023-07-05,186,"CP","X","trapnest_72","High",1,7,0,0,0,0,0,11,0,0,0
"615",2023-07-07,188,"CP","X","trapnest_72","High",2,7,0,0,0,0,0,11,0,0,0
"616",2023-07-10,191,"CP","X","trapnest_72","High",1,7,0,0,0,0,0,11,0,0,0
"617",2023-07-12,193,"CP","X","trapnest_72","High",1,7,0,0,0,0,0,11,0,0,0
"618",2023-07-14,195,"CP","X","trapnest_72","High",1,7,0,0,0,0,0,11,0,0,0
"619",2023-07-17,198,"CP","X","trapnest_72","High",2,7,0,0,0,0,0,11,0,0,0
"620",2023-07-20,201,"CP","X","trapnest_72","High",2,7,0,0,0,0,0,11,0,0,0
"621",2023-07-24,205,"CP","X","trapnest_72","High",2,7,0,0,0,0,0,11,0,0,0
"622",2023-07-26,207,"CP","X","trapnest_72","High",1,7,0,0,0,0,0,11,0,0,0
"623",2023-07-28,209,"CP","X","trapnest_72","High",0,7,0,0,0,0,0,11,0,0,0
"624",2023-07-29,210,"CP","X","trapnest_72","High",0,7,0,0,0,0,0,11,0,0,0
"625",2023-08-01,213,"CP","X","trapnest_72","High",2,7,0,0,0,0,0,11,0,0,0
"626",2023-08-04,216,"CP","X","trapnest_72","High",2,7,0,0,0,0,0,11,0,0,0
"627",2023-06-23,174,"BP","C","trapnest_8","Mid",3,10,0,0,0,6,2,0,0,0,0
"628",2023-06-29,180,"BP","C","trapnest_8","Mid",1,11,2,0,2,6,2,0.5,0.5,0,0.181818181818182
"629",2023-06-29,180,"BP","C","trapnest_9","High",1,4,0,0,0,10,3,1,1,0,0
"630",2023-06-23,174,"BP","C","trapnest_9","High",3,1,0,0,0,10,3,1,1,0,0
