"","Date","Day_of_year","Site","Subsite","Trapnest","Treatment","Good_days","Available_cavities_prior","New_nests_sum","New_nests_os","New_nests_meg","Osmia_ps_prior","Osmia_no_ps_prior","Meg_ps_prior","Meg_no_ps_prior","Par_nests_unsealed_os","Other_nests_ps_os","Other_nests_no_ps_os","Prop_new_os"
"1",2023-05-11,131,"BP","A","trapnest_1","Low",3,18,0,0,0,0,0,0,0,0,0,0,0
"2",2023-05-12,132,"BP","A","trapnest_1","Low",1,18,0,0,0,0,0,0,0,0,0,0,0
"3",2023-05-15,135,"BP","A","trapnest_1","Low",3,18,0,0,0,0,0,0,0,0,0,0,0
"4",2023-05-16,136,"BP","A","trapnest_1","Low",1,18,0,0,0,0,0,0,0,0,0,0,0
"5",2023-05-17,137,"BP","A","trapnest_1","Low",1,18,0,0,0,0,0,0,0,0,0,0,0
"6",2023-05-19,139,"BP","A","trapnest_1","Low",2,18,0,0,0,0,0,0,0,0,0,0,0
"7",2023-05-21,141,"BP","A","trapnest_1","Low",1,18,0,0,0,0,0,0,0,0,0,0,0
"8",2023-05-22,142,"BP","A","trapnest_1","Low",1,18,0,0,0,0,0,0,0,0,0,0,0
"9",2023-05-23,143,"BP","A","trapnest_1","Low",1,18,0,0,0,0,0,0,0,0,0,0,0
"10",2023-05-26,146,"BP","A","trapnest_1","Low",2,18,0,0,0,0,0,0,0,0,0,0,0
"11",2023-05-28,148,"BP","A","trapnest_1","Low",2,18,0,0,0,0,0,0,0,0,0,0,0
"12",2023-05-29,149,"BP","A","trapnest_1","Low",1,18,1,1,0,0,0,0,0,0,0,0,0.0555555555555556
"13",2023-05-31,151,"BP","A","trapnest_1","Low",2,17,0,0,0,1,1,0,0,0,1,1,0
"14",2023-06-02,153,"BP","A","trapnest_1","Low",2,17,0,0,0,1,1,0,0,0,1,1,0
"15",2023-06-05,156,"BP","A","trapnest_1","Low",1,18,1,1,0,0,0,0,0,0,0,0,0.0555555555555556
"16",2023-06-08,159,"BP","A","trapnest_1","Low",2,17,0,0,0,1,1,0,0,0,1,1,0
"17",2023-06-10,161,"BP","A","trapnest_1","Low",0,17,0,0,0,1,1,0,0,0,1,1,0
"18",2023-06-12,163,"BP","A","trapnest_1","Low",1,17,0,0,0,1,1,0,0,0,1,1,0
"19",2023-06-14,165,"BP","A","trapnest_1","Low",0,17,0,0,0,1,1,0,0,0,1,1,0
"20",2023-06-16,167,"BP","A","trapnest_1","Low",1,18,0,0,0,0,0,0,0,0,0,0,0
"21",2023-06-20,171,"BP","A","trapnest_1","Low",3,18,0,0,0,0,0,0,0,0,0,0,0
"22",2023-06-23,174,"BP","A","trapnest_1","Low",3,18,0,0,0,0,0,0,0,0,0,0,0
"23",2023-06-29,180,"BP","A","trapnest_1","Low",1,18,0,0,0,0,0,0,0,0,0,0,0
"24",2023-05-11,131,"BP","D","trapnest_10","Low",3,18,0,0,0,0,0,0,0,0,0,0,0
"25",2023-05-12,132,"BP","D","trapnest_10","Low",1,18,0,0,0,0,0,0,0,0,0,0,0
"26",2023-05-15,135,"BP","D","trapnest_10","Low",3,18,0,0,0,0,0,0,0,0,0,0,0
"27",2023-05-16,136,"BP","D","trapnest_10","Low",1,18,0,0,0,0,0,0,0,0,0,0,0
"28",2023-05-17,137,"BP","D","trapnest_10","Low",1,18,0,0,0,0,0,0,0,0,0,0,0
"29",2023-05-19,139,"BP","D","trapnest_10","Low",2,18,0,0,0,0,0,0,0,0,0,0,0
"30",2023-05-21,141,"BP","D","trapnest_10","Low",1,18,0,0,0,0,0,0,0,0,0,0,0
"31",2023-05-22,142,"BP","D","trapnest_10","Low",1,18,0,0,0,0,0,0,0,0,0,0,0
"32",2023-05-23,143,"BP","D","trapnest_10","Low",1,18,0,0,0,0,0,0,0,0,0,0,0
"33",2023-05-26,146,"BP","D","trapnest_10","Low",2,18,0,0,0,0,0,0,0,0,0,0,0
"34",2023-05-28,148,"BP","D","trapnest_10","Low",2,18,0,0,0,0,0,0,0,0,0,0,0
"35",2023-05-29,149,"BP","D","trapnest_10","Low",1,18,0,0,0,0,0,0,0,0,0,0,0
"36",2023-05-31,151,"BP","D","trapnest_10","Low",2,18,0,0,0,0,0,0,0,0,0,0,0
"37",2023-06-02,153,"BP","D","trapnest_10","Low",2,18,0,0,0,0,0,0,0,0,0,0,0
"38",2023-06-05,156,"BP","D","trapnest_10","Low",1,18,0,0,0,0,0,0,0,0,0,0,0
"39",2023-06-08,159,"BP","D","trapnest_10","Low",2,18,0,0,0,0,0,0,0,0,0,0,0
"40",2023-06-10,161,"BP","D","trapnest_10","Low",0,18,0,0,0,0,0,0,0,0,0,0,0
"41",2023-06-12,163,"BP","D","trapnest_10","Low",1,18,0,0,0,0,0,0,0,0,0,0,0
"42",2023-06-14,165,"BP","D","trapnest_10","Low",0,18,0,0,0,0,0,0,0,0,0,0,0
"43",2023-06-16,167,"BP","D","trapnest_10","Low",1,18,0,0,0,0,0,0,0,0,0,0,0
"44",2023-06-20,171,"BP","D","trapnest_10","Low",3,18,0,0,0,0,0,0,0,0,0,0,0
"45",2023-06-23,174,"BP","D","trapnest_10","Low",3,18,0,0,0,0,0,0,0,0,0,0,0
"46",2023-06-29,180,"BP","D","trapnest_10","Low",1,18,0,0,0,0,0,0,0,0,0,0,0
"47",2023-05-11,131,"BP","D","trapnest_11","Mid",3,12,0,0,0,6,0,0,0,0,6,0,0
"48",2023-05-12,132,"BP","D","trapnest_11","Mid",1,12,0,0,0,6,0,0,0,0,6,0,0
"49",2023-05-15,135,"BP","D","trapnest_11","Mid",3,12,0,0,0,6,0,0,0,0,6,0,0
"50",2023-05-16,136,"BP","D","trapnest_11","Mid",1,12,0,0,0,6,0,0,0,0,6,0,0
"51",2023-05-17,137,"BP","D","trapnest_11","Mid",1,12,0,0,0,6,0,0,0,0,6,0,0
"52",2023-05-19,139,"BP","D","trapnest_11","Mid",2,12,0,0,0,6,0,0,0,0,6,0,0
"53",2023-05-21,141,"BP","D","trapnest_11","Mid",1,12,0,0,0,6,0,0,0,0,6,0,0
"54",2023-05-22,142,"BP","D","trapnest_11","Mid",1,12,0,0,0,6,0,0,0,0,6,0,0
"55",2023-05-23,143,"BP","D","trapnest_11","Mid",1,12,0,0,0,6,0,0,0,0,6,0,0
"56",2023-05-26,146,"BP","D","trapnest_11","Mid",2,12,0,0,0,6,0,0,0,0,6,0,0
"57",2023-05-28,148,"BP","D","trapnest_11","Mid",2,12,0,0,0,6,0,0,0,0,6,0,0
"58",2023-05-29,149,"BP","D","trapnest_11","Mid",1,12,0,0,0,6,0,0,0,0,6,0,0
"59",2023-05-31,151,"BP","D","trapnest_11","Mid",2,12,0,0,0,6,0,0,0,0,6,0,0
"60",2023-06-02,153,"BP","D","trapnest_11","Mid",2,12,0,0,0,6,0,0,0,0,6,0,0
"61",2023-06-05,156,"BP","D","trapnest_11","Mid",1,12,0,0,0,6,0,0,0,0,6,0,0
"62",2023-06-08,159,"BP","D","trapnest_11","Mid",2,12,0,0,0,6,0,0,0,0,6,0,0
"63",2023-06-10,161,"BP","D","trapnest_11","Mid",0,12,0,0,0,6,0,0,0,0,6,0,0
"64",2023-06-12,163,"BP","D","trapnest_11","Mid",1,12,0,0,0,6,0,0,0,0,6,0,0
"65",2023-06-14,165,"BP","D","trapnest_11","Mid",0,12,0,0,0,6,0,0,0,0,6,0,0
"66",2023-06-16,167,"BP","D","trapnest_11","Mid",1,12,0,0,0,6,0,0,0,0,6,0,0
"67",2023-06-20,171,"BP","D","trapnest_11","Mid",3,12,0,0,0,6,0,0,0,0,6,0,0
"68",2023-06-23,174,"BP","D","trapnest_11","Mid",3,12,0,0,0,6,0,0,0,0,6,0,0
"69",2023-06-29,180,"BP","D","trapnest_11","Mid",1,10,1,1,0,6,0,0,0,0,6,0,0.1
"70",2023-05-11,131,"BP","D","trapnest_12","High",3,7,0,0,0,11,0,0,0,0,11,0,0
"71",2023-05-12,132,"BP","D","trapnest_12","High",1,7,0,0,0,11,0,0,0,0,11,0,0
"72",2023-05-15,135,"BP","D","trapnest_12","High",3,7,1,1,0,11,0,0,0,0,11,0,0.142857142857143
"73",2023-05-16,136,"BP","D","trapnest_12","High",1,6,0,0,0,12,1,0,0,0,12,1,0
"74",2023-05-17,137,"BP","D","trapnest_12","High",1,6,0,0,0,12,1,0,0,0,12,1,0
"75",2023-05-19,139,"BP","D","trapnest_12","High",2,6,0,0,0,12,1,0,0,0,12,1,0
"76",2023-05-21,141,"BP","D","trapnest_12","High",1,7,0,0,0,11,1,0,0,0,11,1,0
"77",2023-05-22,142,"BP","D","trapnest_12","High",1,7,0,0,0,11,1,0,0,0,11,1,0
"78",2023-05-23,143,"BP","D","trapnest_12","High",1,7,0,0,0,11,1,0,0,0,11,1,0
"79",2023-05-26,146,"BP","D","trapnest_12","High",2,7,0,0,0,11,1,0,0,0,11,1,0
"80",2023-05-28,148,"BP","D","trapnest_12","High",2,7,0,0,0,11,1,0,0,0,11,1,0
"81",2023-05-29,149,"BP","D","trapnest_12","High",1,7,2,2,0,11.5,1.5,0,0,1,11.5,1.5,0.285714285714286
"82",2023-05-31,151,"BP","D","trapnest_12","High",2,9,2,2,0,9.5,1.5,0,0,1,9.5,1.5,0.222222222222222
"83",2023-06-02,153,"BP","D","trapnest_12","High",2,8,2,2,0,10.5,3.5,0,0,2,8.5,1.5,0.25
"84",2023-06-05,156,"BP","D","trapnest_12","High",1,7,0,0,0,11,5,0,0,0,11,5,0
"85",2023-06-08,159,"BP","D","trapnest_12","High",2,7,1,1,0,11,5,0,0,0,11,5,0.142857142857143
"86",2023-06-10,161,"BP","D","trapnest_12","High",0,7,0,0,0,11,6,0,0,0,11,6,0
"87",2023-06-12,163,"BP","D","trapnest_12","High",1,7,0,0,0,11,6,0,0,0,11,6,0
"88",2023-06-14,165,"BP","D","trapnest_12","High",0,7,1,1,0,11,6,0,0,1,11,6,0.142857142857143
"89",2023-06-16,167,"BP","D","trapnest_12","High",1,6,0,0,0,12,7,0,0,0,12,7,0
"90",2023-06-20,171,"BP","D","trapnest_12","High",3,7,2,2,0,11.5,6.5,0,0,1,11.5,6.5,0.285714285714286
"91",2023-06-23,174,"BP","D","trapnest_12","High",3,6,0,0,0,12,7,0,0,1,12,7,0
"92",2023-06-29,180,"BP","D","trapnest_12","High",1,6,1,1,0,12,7,0,0,0,12,7,0.166666666666667
"93",2023-05-11,131,"BP","E","trapnest_13","Low",3,18,0,0,0,0,0,0,0,0,0,0,0
"94",2023-05-12,132,"BP","E","trapnest_13","Low",1,18,0,0,0,0,0,0,0,0,0,0,0
"95",2023-05-15,135,"BP","E","trapnest_13","Low",3,18,0,0,0,0,0,0,0,0,0,0,0
"96",2023-05-16,136,"BP","E","trapnest_13","Low",1,18,0,0,0,0,0,0,0,0,0,0,0
"97",2023-05-17,137,"BP","E","trapnest_13","Low",1,18,0,0,0,0,0,0,0,0,0,0,0
"98",2023-05-19,139,"BP","E","trapnest_13","Low",2,18,0,0,0,0,0,0,0,0,0,0,0
"99",2023-05-21,141,"BP","E","trapnest_13","Low",1,18,0,0,0,0,0,0,0,0,0,0,0
"100",2023-05-22,142,"BP","E","trapnest_13","Low",1,18,0,0,0,0,0,0,0,0,0,0,0
"101",2023-05-23,143,"BP","E","trapnest_13","Low",1,18,1,1,0,0,0,0,0,0,0,0,0.0555555555555556
"102",2023-05-26,146,"BP","E","trapnest_13","Low",2,17,0,0,0,1,1,0,0,0,1,1,0
"103",2023-05-28,148,"BP","E","trapnest_13","Low",2,17,0,0,0,1,1,0,0,0,1,1,0
"104",2023-05-29,149,"BP","E","trapnest_13","Low",1,17,3,3,0,2,2,0,0,0,2,2,0.176470588235294
"105",2023-05-31,151,"BP","E","trapnest_13","Low",2,18,4,4,0,1.5,1.5,0,0,1,1.5,1.5,0.222222222222222
"106",2023-06-02,153,"BP","E","trapnest_13","Low",2,15,2,2,0,3.5,3.5,0,0,2,1.5,1.5,0.133333333333333
"107",2023-06-05,156,"BP","E","trapnest_13","Low",1,14,2,2,0,4.5,4.5,0,0,2,2.5,2.5,0.142857142857143
"108",2023-06-09,160,"BP","E","trapnest_13","Low",0,17,0,0,0,1,1,0,0,1,1,1,0
"109",2023-06-10,161,"BP","E","trapnest_13","Low",0,17,0,0,0,1,1,0,0,1,1,1,0
"110",2023-06-12,163,"BP","E","trapnest_13","Low",1,17,0,0,0,1,1,0,0,1,1,1,0
"111",2023-06-14,165,"BP","E","trapnest_13","Low",0,17,3,3,0,2,2,0,0,1,2,2,0.176470588235294
"112",2023-06-16,167,"BP","E","trapnest_13","Low",1,17,1,1,0,1,1,0,0,1,1,1,0.0588235294117647
"113",2023-06-20,171,"BP","E","trapnest_13","Low",3,16,0,0,0,2,2,0,0,1,2,2,0
"114",2023-06-23,174,"BP","E","trapnest_13","Low",3,17,2,0,2,1,1,0.5,0.5,1,1,1,0
"115",2023-06-29,180,"BP","E","trapnest_13","Low",1,14,1,0,1,1,1,2,2,1,1,1,0
"116",2023-05-11,131,"BP","E","trapnest_14","Mid",3,12,0,0,0,6,0,0,0,0,6,0,0
"117",2023-05-12,132,"BP","E","trapnest_14","Mid",1,12,0,0,0,6,0,0,0,0,6,0,0
"118",2023-05-15,135,"BP","E","trapnest_14","Mid",3,12,0,0,0,6,0,0,0,0,6,0,0
"119",2023-05-16,136,"BP","E","trapnest_14","Mid",1,12,0,0,0,6,0,0,0,0,6,0,0
"120",2023-05-17,137,"BP","E","trapnest_14","Mid",1,12,0,0,0,6,0,0,0,0,6,0,0
"121",2023-05-19,139,"BP","E","trapnest_14","Mid",2,12,0,0,0,6,0,0,0,0,6,0,0
"122",2023-05-21,141,"BP","E","trapnest_14","Mid",1,12,0,0,0,6,0,0,0,0,6,0,0
"123",2023-05-22,142,"BP","E","trapnest_14","Mid",1,12,0,0,0,6,0,0,0,0,6,0,0
"124",2023-05-23,143,"BP","E","trapnest_14","Mid",1,12,0,0,0,6,0,0,0,0,6,0,0
"125",2023-05-26,146,"BP","E","trapnest_14","Mid",2,12,0,0,0,6,0,0,0,0,6,0,0
"126",2023-05-28,148,"BP","E","trapnest_14","Mid",2,12,0,0,0,6,0,0,0,0,6,0,0
"127",2023-05-29,149,"BP","E","trapnest_14","Mid",1,13,1,1,0,5,0,0,0,1,5,0,0.0769230769230769
"128",2023-05-31,151,"BP","E","trapnest_14","Mid",2,13,4,4,0,6.5,1.5,0,0,0,6.5,1.5,0.307692307692308
"129",2023-06-02,153,"BP","E","trapnest_14","Mid",2,12,1,1,0,6,3,0,0,0,6,3,0.0833333333333333
"130",2023-06-05,156,"BP","E","trapnest_14","Mid",1,12,1,1,0,6,3,0,0,0,6,3,0.0833333333333333
"131",2023-06-09,160,"BP","E","trapnest_14","Mid",0,12,0,0,0,6,3,0,0,0,6,3,0
"132",2023-06-10,161,"BP","E","trapnest_14","Mid",0,12,0,0,0,6,3,0,0,0,6,3,0
"133",2023-06-12,163,"BP","E","trapnest_14","Mid",1,12,0,0,0,6,3,0,0,0,6,3,0
"134",2023-06-14,165,"BP","E","trapnest_14","Mid",0,12,0,0,0,6,3,0,0,0,6,3,0
"135",2023-06-16,167,"BP","E","trapnest_14","Mid",1,12,0,0,0,6,3,0,0,0,6,3,0
"136",2023-06-20,171,"BP","E","trapnest_14","Mid",3,12,0,0,0,6,2,0,0,0,6,2,0
"137",2023-06-23,174,"BP","E","trapnest_14","Mid",3,12,0,0,0,6,2,0,0,0,6,2,0
"138",2023-06-29,180,"BP","E","trapnest_14","Mid",1,12,0,0,0,6,2,0,0,0,6,2,0
"139",2023-05-11,131,"BP","E","trapnest_15","High",3,7,0,0,0,11,0,0,0,0,11,0,0
"140",2023-05-12,132,"BP","E","trapnest_15","High",1,7,0,0,0,11,0,0,0,0,11,0,0
"141",2023-05-15,135,"BP","E","trapnest_15","High",3,7,1,1,0,11,0,0,0,0,11,0,0.142857142857143
"142",2023-05-16,136,"BP","E","trapnest_15","High",1,6,0,0,0,12,1,0,0,0,12,1,0
"143",2023-05-17,137,"BP","E","trapnest_15","High",1,6,1,1,0,12,1,0,0,0,12,1,0.166666666666667
"144",2023-05-19,139,"BP","E","trapnest_15","High",2,6,0,0,0,12,2,0,0,0,12,2,0
"145",2023-05-21,141,"BP","E","trapnest_15","High",1,7,0,0,0,11,1,0,0,0,11,1,0
"146",2023-05-22,142,"BP","E","trapnest_15","High",1,7,2,2,0,11.5,1.5,0,0,0,11.5,1.5,0.285714285714286
"147",2023-05-23,143,"BP","E","trapnest_15","High",1,7,0,0,0,11,3,0,0,0,11,3,0
"148",2023-05-26,146,"BP","E","trapnest_15","High",2,7,0,0,0,11,3,0,0,0,11,3,0
"149",2023-05-28,148,"BP","E","trapnest_15","High",2,7,0,0,0,11,3,0,0,0,11,3,0
"150",2023-05-29,149,"BP","E","trapnest_15","High",1,7,0,0,0,11,3,0,0,0,11,3,0
"151",2023-05-31,151,"BP","E","trapnest_15","High",2,7,0,0,0,11,2,0,0,0,11,2,0
"152",2023-06-02,153,"BP","E","trapnest_15","High",2,7,0,0,0,11,2,0,0,0,11,2,0
"153",2023-06-05,156,"BP","E","trapnest_15","High",1,7,0,0,0,11,2,0,0,0,11,2,0
"154",2023-06-09,160,"BP","E","trapnest_15","High",0,7,0,0,0,11,2,0,0,0,11,2,0
"155",2023-06-10,161,"BP","E","trapnest_15","High",0,7,0,0,0,11,2,0,0,0,11,2,0
"156",2023-06-12,163,"BP","E","trapnest_15","High",1,7,0,0,0,11,2,0,0,0,11,2,0
"157",2023-06-14,165,"BP","E","trapnest_15","High",0,7,0,0,0,11,2,0,0,0,11,2,0
"158",2023-06-16,167,"BP","E","trapnest_15","High",1,7,0,0,0,11,2,0,0,0,11,2,0
"159",2023-06-20,171,"BP","E","trapnest_15","High",3,7,0,0,0,11,2,0,0,0,11,2,0
"160",2023-06-23,174,"BP","E","trapnest_15","High",3,8,1,0,1,10,1,0,0,0,10,1,0
"161",2023-06-29,180,"BP","E","trapnest_15","High",1,6,0,0,0,11,1,1,1,0,11,1,0
"162",2023-05-11,131,"BP","F","trapnest_16","Low",3,18,1,1,0,0,0,0,0,0,0,0,0.0555555555555556
"163",2023-05-12,132,"BP","F","trapnest_16","Low",1,17,1,1,0,1,1,0,0,0,1,1,0.0588235294117647
"164",2023-05-15,135,"BP","F","trapnest_16","Low",3,18,2,2,0,0.5,0.5,0,0,1,0.5,0.5,0.111111111111111
"165",2023-05-16,136,"BP","F","trapnest_16","Low",1,16,0,0,0,2,2,0,0,1,2,2,0
"166",2023-05-17,137,"BP","F","trapnest_16","Low",1,16,0,0,0,2,2,0,0,1,2,2,0
"167",2023-05-19,139,"BP","F","trapnest_16","Low",2,16,0,0,0,2,2,0,0,1,2,2,0
"168",2023-05-21,141,"BP","F","trapnest_16","Low",1,16,0,0,0,2,2,0,0,1,2,2,0
"169",2023-05-22,142,"BP","F","trapnest_16","Low",1,16,0,0,0,2,2,0,0,1,2,2,0
"170",2023-05-23,143,"BP","F","trapnest_16","Low",1,17,1,1,0,1,1,0,0,1,1,1,0.0588235294117647
"171",2023-05-26,146,"BP","F","trapnest_16","Low",2,16,1,1,0,2,2,0,0,1,2,2,0.0625
"172",2023-05-28,148,"BP","F","trapnest_16","Low",2,16,0,0,0,2,2,0,0,0,2,2,0
"173",2023-05-29,149,"BP","F","trapnest_16","Low",1,16,4,4,0,3.5,3.5,0,0,0,3.5,3.5,0.25
"174",2023-05-31,151,"BP","F","trapnest_16","Low",2,16,4,4,0,3.5,3.5,0,0,0,3.5,3.5,0.25
"175",2023-06-02,153,"BP","F","trapnest_16","Low",2,15,1,1,0,3,3,0,0,0,3,3,0.0666666666666667
"176",2023-06-05,156,"BP","F","trapnest_16","Low",1,16,0,0,0,2,2,0,0,0,2,2,0
"177",2023-06-09,160,"BP","F","trapnest_16","Low",0,18,0,0,0,0,0,0,0,0,0,0,0
"178",2023-06-10,161,"BP","F","trapnest_16","Low",0,18,0,0,0,0,0,0,0,0,0,0,0
"179",2023-06-12,163,"BP","F","trapnest_16","Low",1,18,0,0,0,0,0,0,0,0,0,0,0
"180",2023-06-14,165,"BP","F","trapnest_16","Low",0,18,0,0,0,0,0,0,0,0,0,0,0
"181",2023-06-16,167,"BP","F","trapnest_16","Low",1,18,0,0,0,0,0,0,0,0,0,0,0
"182",2023-06-20,171,"BP","F","trapnest_16","Low",3,18,0,0,0,0,0,0,0,0,0,0,0
"183",2023-06-23,174,"BP","F","trapnest_16","Low",3,18,0,0,0,0,0,0,0,0,0,0,0
"184",2023-06-29,180,"BP","F","trapnest_16","Low",1,17,0,0,0,0,0,0,0,0,0,0,0
"185",2023-05-11,131,"BP","F","trapnest_17","Mid",3,12,0,0,0,6,0,0,0,0,6,0,0
"186",2023-05-12,132,"BP","F","trapnest_17","Mid",1,12,0,0,0,6,0,0,0,0,6,0,0
"187",2023-05-15,135,"BP","F","trapnest_17","Mid",3,12,0,0,0,6,0,0,0,0,6,0,0
"188",2023-05-16,136,"BP","F","trapnest_17","Mid",1,12,0,0,0,6,0,0,0,0,6,0,0
"189",2023-05-17,137,"BP","F","trapnest_17","Mid",1,12,0,0,0,6,0,0,0,0,6,0,0
"190",2023-05-19,139,"BP","F","trapnest_17","Mid",2,12,0,0,0,6,0,0,0,0,6,0,0
"191",2023-05-21,141,"BP","F","trapnest_17","Mid",1,12,0,0,0,6,0,0,0,0,6,0,0
"192",2023-05-22,142,"BP","F","trapnest_17","Mid",1,12,0,0,0,6,0,0,0,0,6,0,0
"193",2023-05-23,143,"BP","F","trapnest_17","Mid",1,12,0,0,0,6,0,0,0,0,6,0,0
"194",2023-05-26,146,"BP","F","trapnest_17","Mid",2,12,1,1,0,6,0,0,0,0,6,0,0.0833333333333333
"195",2023-05-28,148,"BP","F","trapnest_17","Mid",2,11,0,0,0,7,1,0,0,0,7,1,0
"196",2023-05-29,149,"BP","F","trapnest_17","Mid",1,11,2,2,0,7.5,1.5,0,0,1,7.5,1.5,0.181818181818182
"197",2023-05-31,151,"BP","F","trapnest_17","Mid",2,12,0,0,0,6,3,0,0,1,6,3,0
"198",2023-06-02,153,"BP","F","trapnest_17","Mid",2,12,3,3,0,7,4,0,0,0,7,4,0.25
"199",2023-06-05,156,"BP","F","trapnest_17","Mid",1,12,2,2,0,6.5,5.5,0,0,1,6.5,5.5,0.166666666666667
"200",2023-06-09,160,"BP","F","trapnest_17","Mid",0,11,0,0,0,7,6,0,0,1,7,6,0
"201",2023-06-10,161,"BP","F","trapnest_17","Mid",0,11,0,0,0,7,6,0,0,1,7,6,0
"202",2023-06-12,163,"BP","F","trapnest_17","Mid",1,11,0,0,0,7,6,0,0,1,7,6,0
"203",2023-06-14,165,"BP","F","trapnest_17","Mid",0,11,1,0,1,7,6,0,0,0,7,6,0
"204",2023-06-16,167,"BP","F","trapnest_17","Mid",1,10,0,0,0,7,6,1,1,0,7,6,0
"205",2023-06-20,171,"BP","F","trapnest_17","Mid",3,11,1,0,1,6,5,1,1,0,6,5,0
"206",2023-06-23,174,"BP","F","trapnest_17","Mid",3,10,3,1,2,6,5,2.5,2.5,0,6,5,0.1
"207",2023-06-29,180,"BP","F","trapnest_17","Mid",1,9,0,0,0,5,4,4,4,0,5,4,0
"208",2023-05-11,131,"BP","F","trapnest_18","High",3,7,0,0,0,11,0,0,0,0,11,0,0
"209",2023-05-12,132,"BP","F","trapnest_18","High",1,7,0,0,0,11,0,0,0,0,11,0,0
"210",2023-05-15,135,"BP","F","trapnest_18","High",3,7,0,0,0,11,0,0,0,0,11,0,0
"211",2023-05-16,136,"BP","F","trapnest_18","High",1,7,0,0,0,11,0,0,0,0,11,0,0
"212",2023-05-17,137,"BP","F","trapnest_18","High",1,7,0,0,0,11,0,0,0,0,11,0,0
"213",2023-05-19,139,"BP","F","trapnest_18","High",2,7,0,0,0,11,0,0,0,0,11,0,0
"214",2023-05-21,141,"BP","F","trapnest_18","High",1,7,0,0,0,11,0,0,0,0,11,0,0
"215",2023-05-22,142,"BP","F","trapnest_18","High",1,7,0,0,0,11,0,0,0,0,11,0,0
"216",2023-05-23,143,"BP","F","trapnest_18","High",1,7,0,0,0,11,0,0,0,0,11,0,0
"217",2023-05-26,146,"BP","F","trapnest_18","High",2,7,0,0,0,11,0,0,0,0,11,0,0
"218",2023-05-28,148,"BP","F","trapnest_18","High",2,7,0,0,0,11,0,0,0,0,11,0,0
"219",2023-05-29,149,"BP","F","trapnest_18","High",1,7,4,4,0,12.5,1.5,0,0,0,12.5,1.5,0.571428571428571
"220",2023-05-31,151,"BP","F","trapnest_18","High",2,5,2,2,0,13.5,3.5,0,0,0,13.5,3.5,0.4
"221",2023-06-02,153,"BP","F","trapnest_18","High",2,3,0,0,0,15,5,0,0,0,15,5,0
"222",2023-06-05,156,"BP","F","trapnest_18","High",1,5,1,1,0,13,5,0,0,0,13,5,0.2
"223",2023-06-09,160,"BP","F","trapnest_18","High",0,5,0,0,0,13,6,0,0,0,13,6,0
"224",2023-06-10,161,"BP","F","trapnest_18","High",0,5,0,0,0,13,6,0,0,0,13,6,0
"225",2023-06-12,163,"BP","F","trapnest_18","High",1,5,0,0,0,13,6,0,0,0,13,6,0
"226",2023-06-14,165,"BP","F","trapnest_18","High",0,5,0,0,0,13,6,0,0,0,13,6,0
"227",2023-06-16,167,"BP","F","trapnest_18","High",1,5,0,0,0,13,6,0,0,0,13,6,0
"228",2023-06-20,171,"BP","F","trapnest_18","High",3,5,0,0,0,13,6,0,0,0,13,6,0
"229",2023-06-23,174,"BP","F","trapnest_18","High",3,4,0,0,0,13,6,0,0,0,13,6,0
"230",2023-06-29,180,"BP","F","trapnest_18","High",1,2,0,0,0,11,6,0,0,0,11,6,0
"231",2023-05-11,131,"NN","G","trapnest_19","Low",4,18,0,0,0,0,0,0,0,0,0,0,0
"232",2023-05-12,132,"NN","G","trapnest_19","Low",1,18,0,0,0,0,0,0,0,0,0,0,0
"233",2023-05-15,135,"NN","G","trapnest_19","Low",3,18,1,1,0,0,0,0,0,0,0,0,0.0555555555555556
"234",2023-05-16,136,"NN","G","trapnest_19","Low",1,17,0,0,0,1,1,0,0,0,1,1,0
"235",2023-05-18,138,"NN","G","trapnest_19","Low",2,17,0,0,0,1,1,0,0,0,1,1,0
"236",2023-05-19,139,"NN","G","trapnest_19","Low",1,17,0,0,0,1,1,0,0,0,1,1,0
"237",2023-05-21,141,"NN","G","trapnest_19","Low",1,17,0,0,0,1,1,0,0,0,1,1,0
"238",2023-05-22,142,"NN","G","trapnest_19","Low",1,17,0,0,0,1,1,0,0,0,1,1,0
"239",2023-05-25,145,"NN","G","trapnest_19","Low",3,17,0,0,0,1,1,0,0,0,1,1,0
"240",2023-05-26,146,"NN","G","trapnest_19","Low",1,17,0,0,0,1,1,0,0,0,1,1,0
"241",2023-05-28,148,"NN","G","trapnest_19","Low",2,17,0,0,0,1,1,0,0,0,1,1,0
"242",2023-05-29,149,"NN","G","trapnest_19","Low",1,17,1,1,0,1,1,0,0,0,1,1,0.0588235294117647
"243",2023-05-31,151,"NN","G","trapnest_19","Low",2,18,0,0,0,0,0,0,0,0,0,0,0
"244",2023-06-01,152,"NN","G","trapnest_19","Low",1,18,0,0,0,0,0,0,0,0,0,0,0
"245",2023-06-04,155,"NN","G","trapnest_19","Low",3,18,1,1,0,0,0,0,0,0,0,0,0.0555555555555556
"246",2023-06-05,156,"NN","G","trapnest_19","Low",1,18,0,0,0,0,0,0,0,0,0,0,0
"247",2023-06-08,159,"NN","G","trapnest_19","Low",2,18,0,0,0,0,0,0,0,0,0,0,0
"248",2023-06-10,161,"NN","G","trapnest_19","Low",0,18,0,0,0,0,0,0,0,0,0,0,0
"249",2023-06-11,162,"NN","G","trapnest_19","Low",1,18,0,0,0,0,0,0,0,0,0,0,0
"250",2023-06-12,163,"NN","G","trapnest_19","Low",0,18,0,0,0,0,0,0,0,0,0,0,0
"251",2023-06-15,166,"NN","G","trapnest_19","Low",0,17,0,0,0,0,0,0,0,0,0,0,0
"252",2023-06-19,170,"NN","G","trapnest_19","Low",0,17,0,0,0,0,0,0,0,0,0,0,0
"253",2023-06-22,173,"NN","G","trapnest_19","Low",3,18,0,0,0,0,0,0,0,0,0,0,0
"254",2023-06-23,174,"NN","G","trapnest_19","Low",1,18,0,0,0,0,0,0,0,0,0,0,0
"255",2023-06-30,181,"NN","G","trapnest_19","Low",1,17,0,0,0,0,0,0,0,0,0,0,0
"256",2023-07-03,184,"NN","G","trapnest_19","Low",2,17,0,0,0,0,0,0,0,0,0,0,0
"257",2023-07-04,185,"NN","G","trapnest_19","Low",1,14,0,0,0,0,0,0,0,0,0,0,0
"258",2023-07-06,187,"NN","G","trapnest_19","Low",2,14,0,0,0,0,0,0,0,0,0,0,0
"259",2023-05-11,131,"BP","A","trapnest_2","Mid",3,12,2,2,0,6.5,0.5,0,0,0,6.5,0.5,0.166666666666667
"260",2023-05-12,132,"BP","A","trapnest_2","Mid",1,10,0,0,0,8,2,0,0,0,8,2,0
"261",2023-05-15,135,"BP","A","trapnest_2","Mid",3,11,0,0,0,7,2,0,0,0,7,2,0
"262",2023-05-16,136,"BP","A","trapnest_2","Mid",1,12,0,0,0,6,1,0,0,0,6,1,0
"263",2023-05-17,137,"BP","A","trapnest_2","Mid",1,12,0,0,0,6,1,0,0,0,6,1,0
"264",2023-05-19,139,"BP","A","trapnest_2","Mid",2,12,0,0,0,6,1,0,0,0,6,1,0
"265",2023-05-21,141,"BP","A","trapnest_2","Mid",1,12,0,0,0,6,1,0,0,0,6,1,0
"266",2023-05-22,142,"BP","A","trapnest_2","Mid",1,12,0,0,0,6,1,0,0,0,6,1,0
"267",2023-05-23,143,"BP","A","trapnest_2","Mid",1,12,0,0,0,6,1,0,0,0,6,1,0
"268",2023-05-26,146,"BP","A","trapnest_2","Mid",2,12,0,0,0,6,1,0,0,0,6,1,0
"269",2023-05-28,148,"BP","A","trapnest_2","Mid",2,12,0,0,0,6,1,0,0,0,6,1,0
"270",2023-05-29,149,"BP","A","trapnest_2","Mid",1,12,2,2,0,6.5,1.5,0,0,0,6.5,1.5,0.166666666666667
"271",2023-05-31,151,"BP","A","trapnest_2","Mid",2,12,3,3,0,7,4,0,0,0,7,4,0.25
"272",2023-06-02,153,"BP","A","trapnest_2","Mid",2,11,2,2,0,7.5,4.5,0,0,0,7.5,4.5,0.181818181818182
"273",2023-06-05,156,"BP","A","trapnest_2","Mid",1,12,0,0,0,6,3,0,0,0,6,3,0
"274",2023-06-08,159,"BP","A","trapnest_2","Mid",2,10,0,0,0,8,3,0,0,0,8,3,0
"275",2023-06-10,161,"BP","A","trapnest_2","Mid",0,10,0,0,0,8,3,0,0,0,8,3,0
"276",2023-06-12,163,"BP","A","trapnest_2","Mid",1,10,0,0,0,8,3,0,0,0,8,3,0
"277",2023-06-14,165,"BP","A","trapnest_2","Mid",0,10,1,1,0,8,3,0,0,0,8,3,0.1
"278",2023-06-16,167,"BP","A","trapnest_2","Mid",1,9,0,0,0,9,4,0,0,0,9,4,0
"279",2023-06-20,171,"BP","A","trapnest_2","Mid",3,12,0,0,0,6,2,0,0,0,6,2,0
"280",2023-06-23,174,"BP","A","trapnest_2","Mid",3,12,0,0,0,6,2,0,0,0,6,2,0
"281",2023-06-29,180,"BP","A","trapnest_2","Mid",1,7,0,0,0,6,2,0,0,0,6,2,0
"282",2023-05-11,131,"NN","G","trapnest_20","Mid",4,12,0,0,0,6,0,0,0,0,6,0,0
"283",2023-05-12,132,"NN","G","trapnest_20","Mid",1,12,0,0,0,6,0,0,0,0,6,0,0
"284",2023-05-15,135,"NN","G","trapnest_20","Mid",3,12,0,0,0,6,0,0,0,0,6,0,0
"285",2023-05-16,136,"NN","G","trapnest_20","Mid",1,12,0,0,0,6,0,0,0,0,6,0,0
"286",2023-05-18,138,"NN","G","trapnest_20","Mid",2,12,0,0,0,6,0,0,0,0,6,0,0
"287",2023-05-19,139,"NN","G","trapnest_20","Mid",1,12,0,0,0,6,0,0,0,0,6,0,0
"288",2023-05-21,141,"NN","G","trapnest_20","Mid",1,12,0,0,0,6,0,0,0,0,6,0,0
"289",2023-05-22,142,"NN","G","trapnest_20","Mid",1,12,0,0,0,6,0,0,0,0,6,0,0
"290",2023-05-25,145,"NN","G","trapnest_20","Mid",3,12,0,0,0,6,0,0,0,0,6,0,0
"291",2023-05-26,146,"NN","G","trapnest_20","Mid",1,12,0,0,0,6,0,0,0,0,6,0,0
"292",2023-05-28,148,"NN","G","trapnest_20","Mid",2,12,0,0,0,6,0,0,0,0,6,0,0
"293",2023-05-29,149,"NN","G","trapnest_20","Mid",1,12,2,2,0,6.5,0.5,0,0,1,6.5,0.5,0.166666666666667
"294",2023-05-31,151,"NN","G","trapnest_20","Mid",2,14,2,2,0,4.5,0.5,0,0,1,4.5,0.5,0.142857142857143
"295",2023-06-01,152,"NN","G","trapnest_20","Mid",1,12,2,2,0,6.5,2.5,0,0,0,6.5,2.5,0.166666666666667
"296",2023-06-04,155,"NN","G","trapnest_20","Mid",3,12,0,0,0,6,3,0,0,0,6,3,0
"297",2023-06-05,156,"NN","G","trapnest_20","Mid",1,12,0,0,0,6,3,0,0,0,6,3,0
"298",2023-06-08,159,"NN","G","trapnest_20","Mid",2,12,0,0,0,6,3,0,0,0,6,3,0
"299",2023-06-10,161,"NN","G","trapnest_20","Mid",0,12,0,0,0,6,3,0,0,0,6,3,0
"300",2023-06-11,162,"NN","G","trapnest_20","Mid",1,10,0,0,0,6,3,0,0,0,6,3,0
"301",2023-06-12,163,"NN","G","trapnest_20","Mid",0,10,0,0,0,6,3,0,0,0,6,3,0
"302",2023-06-15,166,"NN","G","trapnest_20","Mid",0,10,0,0,0,6,3,0,0,0,6,3,0
"303",2023-06-19,170,"NN","G","trapnest_20","Mid",0,10,0,0,0,6,3,0,0,0,6,3,0
"304",2023-06-22,173,"NN","G","trapnest_20","Mid",3,11,0,0,0,6,3,0,0,0,6,3,0
"305",2023-06-23,174,"NN","G","trapnest_20","Mid",1,11,0,0,0,6,3,0,0,0,6,3,0
"306",2023-06-30,181,"NN","G","trapnest_20","Mid",1,11,0,0,0,6,3,0,0,0,6,3,0
"307",2023-07-03,184,"NN","G","trapnest_20","Mid",2,12,0,0,0,6,3,0,0,0,6,3,0
"308",2023-07-04,185,"NN","G","trapnest_20","Mid",1,12,0,0,0,6,3,0,0,0,6,3,0
"309",2023-07-06,187,"NN","G","trapnest_20","Mid",2,12,0,0,0,6,3,0,0,0,6,3,0
"310",2023-05-11,131,"NN","G","trapnest_21","High",4,7,0,0,0,11,0,0,0,0,11,0,0
"311",2023-05-12,132,"NN","G","trapnest_21","High",1,7,0,0,0,11,0,0,0,0,11,0,0
"312",2023-05-15,135,"NN","G","trapnest_21","High",3,7,0,0,0,11,0,0,0,0,11,0,0
"313",2023-05-16,136,"NN","G","trapnest_21","High",1,7,0,0,0,11,0,0,0,0,11,0,0
"314",2023-05-18,138,"NN","G","trapnest_21","High",2,7,0,0,0,11,0,0,0,0,11,0,0
"315",2023-05-19,139,"NN","G","trapnest_21","High",1,7,0,0,0,11,0,0,0,0,11,0,0
"316",2023-05-21,141,"NN","G","trapnest_21","High",1,7,0,0,0,11,0,0,0,0,11,0,0
"317",2023-05-22,142,"NN","G","trapnest_21","High",1,7,0,0,0,11,0,0,0,0,11,0,0
"318",2023-05-25,145,"NN","G","trapnest_21","High",3,7,0,0,0,11,0,0,0,0,11,0,0
"319",2023-05-26,146,"NN","G","trapnest_21","High",1,7,0,0,0,11,0,0,0,0,11,0,0
"320",2023-05-28,148,"NN","G","trapnest_21","High",2,7,0,0,0,11,0,0,0,0,11,0,0
"321",2023-05-29,149,"NN","G","trapnest_21","High",1,7,0,0,0,11,0,0,0,0,11,0,0
"322",2023-05-31,151,"NN","G","trapnest_21","High",2,7,0,0,0,11,0,0,0,0,11,0,0
"323",2023-06-01,152,"NN","G","trapnest_21","High",1,7,0,0,0,11,0,0,0,0,11,0,0
"324",2023-06-04,155,"NN","G","trapnest_21","High",3,7,0,0,0,11,0,0,0,0,11,0,0
"325",2023-06-05,156,"NN","G","trapnest_21","High",1,7,0,0,0,11,0,0,0,0,11,0,0
"326",2023-06-08,159,"NN","G","trapnest_21","High",2,6,0,0,0,11,0,0,0,0,11,0,0
"327",2023-06-10,161,"NN","G","trapnest_21","High",0,6,0,0,0,11,0,0,0,0,11,0,0
"328",2023-06-11,162,"NN","G","trapnest_21","High",1,5,0,0,0,11,0,0,0,0,11,0,0
"329",2023-06-12,163,"NN","G","trapnest_21","High",0,6,0,0,0,11,0,0,0,0,11,0,0
"330",2023-06-15,166,"NN","G","trapnest_21","High",0,4,0,0,0,11,0,0,0,0,11,0,0
"331",2023-06-19,170,"NN","G","trapnest_21","High",0,3,0,0,0,11,0,0,0,0,11,0,0
"332",2023-06-22,173,"NN","G","trapnest_21","High",3,4,0,0,0,11,0,0,0,0,11,0,0
"333",2023-06-23,174,"NN","G","trapnest_21","High",1,6,0,0,0,11,0,0,0,0,11,0,0
"334",2023-06-30,181,"NN","G","trapnest_21","High",1,5,0,0,0,11,0,0,0,0,11,0,0
"335",2023-07-03,184,"NN","G","trapnest_21","High",2,5,0,0,0,11,0,0,0,0,11,0,0
"336",2023-07-04,185,"NN","G","trapnest_21","High",1,5,0,0,0,11,0,0,0,0,11,0,0
"337",2023-07-06,187,"NN","G","trapnest_21","High",2,5,0,0,0,11,0,0,0,0,11,0,0
"338",2023-05-11,131,"NN","H","trapnest_22","Low",4,18,0,0,0,0,0,0,0,0,0,0,0
"339",2023-05-12,132,"NN","H","trapnest_22","Low",1,18,0,0,0,0,0,0,0,0,0,0,0
"340",2023-05-15,135,"NN","H","trapnest_22","Low",3,18,0,0,0,0,0,0,0,0,0,0,0
"341",2023-05-16,136,"NN","H","trapnest_22","Low",1,18,0,0,0,0,0,0,0,0,0,0,0
"342",2023-05-18,138,"NN","H","trapnest_22","Low",2,18,0,0,0,0,0,0,0,0,0,0,0
"343",2023-05-19,139,"NN","H","trapnest_22","Low",1,18,0,0,0,0,0,0,0,0,0,0,0
"344",2023-05-21,141,"NN","H","trapnest_22","Low",1,18,0,0,0,0,0,0,0,0,0,0,0
"345",2023-05-22,142,"NN","H","trapnest_22","Low",1,18,0,0,0,0,0,0,0,0,0,0,0
"346",2023-05-25,145,"NN","H","trapnest_22","Low",3,18,0,0,0,0,0,0,0,0,0,0,0
"347",2023-05-26,146,"NN","H","trapnest_22","Low",1,18,0,0,0,0,0,0,0,0,0,0,0
"348",2023-05-28,148,"NN","H","trapnest_22","Low",2,18,0,0,0,0,0,0,0,0,0,0,0
"349",2023-05-29,149,"NN","H","trapnest_22","Low",1,18,0,0,0,0,0,0,0,0,0,0,0
"350",2023-05-31,151,"NN","H","trapnest_22","Low",2,18,0,0,0,0,0,0,0,0,0,0,0
"351",2023-06-01,152,"NN","H","trapnest_22","Low",1,18,0,0,0,0,0,0,0,0,0,0,0
"352",2023-06-04,155,"NN","H","trapnest_22","Low",3,18,0,0,0,0,0,0,0,0,0,0,0
"353",2023-06-05,156,"NN","H","trapnest_22","Low",1,18,0,0,0,0,0,0,0,0,0,0,0
"354",2023-06-08,159,"NN","H","trapnest_22","Low",2,18,0,0,0,0,0,0,0,0,0,0,0
"355",2023-06-10,161,"NN","H","trapnest_22","Low",0,18,0,0,0,0,0,0,0,0,0,0,0
"356",2023-06-11,162,"NN","H","trapnest_22","Low",1,18,0,0,0,0,0,0,0,0,0,0,0
"357",2023-06-12,163,"NN","H","trapnest_22","Low",0,18,0,0,0,0,0,0,0,0,0,0,0
"358",2023-06-15,166,"NN","H","trapnest_22","Low",0,18,0,0,0,0,0,0,0,0,0,0,0
"359",2023-06-19,170,"NN","H","trapnest_22","Low",0,17,1,1,0,0,0,0,0,1,0,0,0.0588235294117647
"360",2023-06-22,173,"NN","H","trapnest_22","Low",3,15,0,0,0,1,1,0,0,1,1,1,0
"361",2023-06-23,174,"NN","H","trapnest_22","Low",1,17,0,0,0,1,1,0,0,1,1,1,0
"362",2023-06-30,181,"NN","H","trapnest_22","Low",1,17,0,0,0,1,1,0,0,1,1,1,0
"363",2023-07-03,184,"NN","H","trapnest_22","Low",2,17,0,0,0,1,1,0,0,1,1,1,0
"364",2023-07-04,185,"NN","H","trapnest_22","Low",1,17,0,0,0,1,1,0,0,1,1,1,0
"365",2023-07-06,187,"NN","H","trapnest_22","Low",2,18,0,0,0,0,0,0,0,0,0,0,0
"366",2023-05-11,131,"NN","H","trapnest_23","Mid",4,12,0,0,0,6,0,0,0,0,6,0,0
"367",2023-05-12,132,"NN","H","trapnest_23","Mid",1,12,0,0,0,6,0,0,0,0,6,0,0
"368",2023-05-15,135,"NN","H","trapnest_23","Mid",3,12,0,0,0,6,0,0,0,0,6,0,0
"369",2023-05-16,136,"NN","H","trapnest_23","Mid",1,13,0,0,0,5,0,0,0,0,5,0,0
"370",2023-05-18,138,"NN","H","trapnest_23","Mid",2,13,0,0,0,5,0,0,0,0,5,0,0
"371",2023-05-19,139,"NN","H","trapnest_23","Mid",1,13,0,0,0,5,0,0,0,0,5,0,0
"372",2023-05-21,141,"NN","H","trapnest_23","Mid",1,13,0,0,0,5,0,0,0,0,5,0,0
"373",2023-05-22,142,"NN","H","trapnest_23","Mid",1,13,1,1,0,5,0,0,0,0,5,0,0.0769230769230769
"374",2023-05-25,145,"NN","H","trapnest_23","Mid",3,12,0,0,0,6,1,0,0,0,6,1,0
"375",2023-05-26,146,"NN","H","trapnest_23","Mid",1,12,0,0,0,6,0,0,0,0,6,0,0
"376",2023-05-28,148,"NN","H","trapnest_23","Mid",2,12,0,0,0,6,0,0,0,0,6,0,0
"377",2023-05-29,149,"NN","H","trapnest_23","Mid",1,12,0,0,0,6,0,0,0,0,6,0,0
"378",2023-05-31,151,"NN","H","trapnest_23","Mid",2,12,0,0,0,6,0,0,0,0,6,0,0
"379",2023-06-01,152,"NN","H","trapnest_23","Mid",1,12,0,0,0,6,0,0,0,0,6,0,0
"380",2023-06-04,155,"NN","H","trapnest_23","Mid",3,12,0,0,0,6,0,0,0,0,6,0,0
"381",2023-06-05,156,"NN","H","trapnest_23","Mid",1,12,0,0,0,6,0,0,0,0,6,0,0
"382",2023-06-08,159,"NN","H","trapnest_23","Mid",2,12,0,0,0,6,0,0,0,0,6,0,0
"383",2023-06-10,161,"NN","H","trapnest_23","Mid",0,12,0,0,0,6,0,0,0,0,6,0,0
"384",2023-06-11,162,"NN","H","trapnest_23","Mid",1,12,0,0,0,6,0,0,0,0,6,0,0
"385",2023-06-12,163,"NN","H","trapnest_23","Mid",0,12,0,0,0,6,0,0,0,0,6,0,0
"386",2023-06-15,166,"NN","H","trapnest_23","Mid",0,11,0,0,0,6,0,0,0,0,6,0,0
"387",2023-06-19,170,"NN","H","trapnest_23","Mid",0,10,0,0,0,6,0,0,0,0,6,0,0
"388",2023-06-22,173,"NN","H","trapnest_23","Mid",3,11,0,0,0,6,0,0,0,0,6,0,0
"389",2023-06-23,174,"NN","H","trapnest_23","Mid",1,11,0,0,0,6,0,0,0,0,6,0,0
"390",2023-06-30,181,"NN","H","trapnest_23","Mid",1,5,0,0,0,6,0,0,0,0,6,0,0
"391",2023-07-03,184,"NN","H","trapnest_23","Mid",2,11,0,0,0,6,0,0,0,0,6,0,0
"392",2023-07-04,185,"NN","H","trapnest_23","Mid",1,8,0,0,0,6,0,0,0,0,6,0,0
"393",2023-07-06,187,"NN","H","trapnest_23","Mid",2,10,0,0,0,6,0,0,0,0,6,0,0
"394",2023-05-11,131,"NN","H","trapnest_24","High",4,7,0,0,0,11,0,0,0,0,11,0,0
"395",2023-05-12,132,"NN","H","trapnest_24","High",1,7,0,0,0,11,0,0,0,0,11,0,0
"396",2023-05-15,135,"NN","H","trapnest_24","High",3,7,0,0,0,11,0,0,0,0,11,0,0
"397",2023-05-16,136,"NN","H","trapnest_24","High",1,8,0,0,0,10,0,0,0,0,10,0,0
"398",2023-05-18,138,"NN","H","trapnest_24","High",2,8,0,0,0,10,0,0,0,0,10,0,0
"399",2023-05-19,139,"NN","H","trapnest_24","High",1,8,0,0,0,10,0,0,0,0,10,0,0
"400",2023-05-21,141,"NN","H","trapnest_24","High",1,8,0,0,0,10,0,0,0,0,10,0,0
"401",2023-05-22,142,"NN","H","trapnest_24","High",1,8,1,1,0,10,0,0,0,0,10,0,0.125
"402",2023-05-25,145,"NN","H","trapnest_24","High",3,7,1,1,0,11,1,0,0,0,11,1,0.142857142857143
"403",2023-05-26,146,"NN","H","trapnest_24","High",1,6,0,0,0,12,2,0,0,0,12,2,0
"404",2023-05-28,148,"NN","H","trapnest_24","High",2,7,0,0,0,11,0,0,0,0,11,0,0
"405",2023-05-29,149,"NN","H","trapnest_24","High",1,7,0,0,0,11,0,0,0,0,11,0,0
"406",2023-05-31,151,"NN","H","trapnest_24","High",2,7,1,1,0,11,0,0,0,0,11,0,0.142857142857143
"407",2023-06-01,152,"NN","H","trapnest_24","High",1,7,1,1,0,11,1,0,0,0,11,1,0.142857142857143
"408",2023-06-04,155,"NN","H","trapnest_24","High",3,7,1,1,0,11,1,0,0,2,9,-1,0.142857142857143
"409",2023-06-05,156,"NN","H","trapnest_24","High",1,8,0,0,0,10,2,0,0,2,8,0,0
"410",2023-06-08,159,"NN","H","trapnest_24","High",2,8,1,1,0,10,2,0,0,2,8,0,0.125
"411",2023-06-10,161,"NN","H","trapnest_24","High",0,7,0,0,0,11,3,0,0,2,9,1,0
"412",2023-06-11,162,"NN","H","trapnest_24","High",1,6,0,0,0,11,3,0,0,1,11,3,0
"413",2023-06-12,163,"NN","H","trapnest_24","High",0,6,0,0,0,11,3,0,0,1,11,3,0
"414",2023-06-15,166,"NN","H","trapnest_24","High",0,6,0,0,0,11,3,0,0,1,11,3,0
"415",2023-06-19,170,"NN","H","trapnest_24","High",0,6,1,1,0,11,3,0,0,2,9,1,0.166666666666667
"416",2023-06-22,173,"NN","H","trapnest_24","High",3,6,0,0,0,12,4,0,0,1,12,4,0
"417",2023-06-23,174,"NN","H","trapnest_24","High",1,6,0,0,0,12,4,0,0,1,12,4,0
"418",2023-06-30,181,"NN","H","trapnest_24","High",1,5,1,1,0,12,4,0,0,0,12,4,0.2
"419",2023-07-03,184,"NN","H","trapnest_24","High",2,5,0,0,0,12,5,0,0,0,12,5,0
"420",2023-07-04,185,"NN","H","trapnest_24","High",1,5,0,0,0,12,5,0,0,0,12,5,0
"421",2023-07-06,187,"NN","H","trapnest_24","High",2,4,0,0,0,12,5,0,0,0,12,5,0
"422",2023-05-11,131,"NN","I","trapnest_25","Low",4,18,0,0,0,0,0,0,0,0,0,0,0
"423",2023-05-12,132,"NN","I","trapnest_25","Low",1,18,0,0,0,0,0,0,0,0,0,0,0
"424",2023-05-15,135,"NN","I","trapnest_25","Low",3,18,0,0,0,0,0,0,0,0,0,0,0
"425",2023-05-16,136,"NN","I","trapnest_25","Low",1,18,0,0,0,0,0,0,0,0,0,0,0
"426",2023-05-18,138,"NN","I","trapnest_25","Low",2,18,0,0,0,0,0,0,0,0,0,0,0
"427",2023-05-19,139,"NN","I","trapnest_25","Low",1,18,0,0,0,0,0,0,0,0,0,0,0
"428",2023-05-21,141,"NN","I","trapnest_25","Low",1,18,0,0,0,0,0,0,0,0,0,0,0
"429",2023-05-22,142,"NN","I","trapnest_25","Low",1,18,0,0,0,0,0,0,0,0,0,0,0
"430",2023-05-25,145,"NN","I","trapnest_25","Low",3,18,0,0,0,0,0,0,0,0,0,0,0
"431",2023-05-26,146,"NN","I","trapnest_25","Low",1,18,0,0,0,0,0,0,0,0,0,0,0
"432",2023-05-28,148,"NN","I","trapnest_25","Low",2,18,0,0,0,0,0,0,0,0,0,0,0
"433",2023-05-29,149,"NN","I","trapnest_25","Low",1,17,3,3,0,2,2,0,0,0,2,2,0.176470588235294
"434",2023-05-31,151,"NN","I","trapnest_25","Low",2,17,4,4,0,2.5,2.5,0,0,0,2.5,2.5,0.235294117647059
"435",2023-06-01,152,"NN","I","trapnest_25","Low",1,14,1,1,0,4,4,0,0,0,4,4,0.0714285714285714
"436",2023-06-04,155,"NN","I","trapnest_25","Low",3,14,2,2,0,4.5,4.5,0,0,0,4.5,4.5,0.142857142857143
"437",2023-06-05,156,"NN","I","trapnest_25","Low",1,16,0,0,0,2,2,0,0,0,2,2,0
"438",2023-06-08,159,"NN","I","trapnest_25","Low",2,16,1,1,0,2,2,0,0,0,2,2,0.0625
"439",2023-06-10,161,"NN","I","trapnest_25","Low",0,15,0,0,0,3,3,0,0,0,3,3,0
"440",2023-06-11,162,"NN","I","trapnest_25","Low",1,15,0,0,0,3,3,0,0,1,3,3,0
"441",2023-06-12,163,"NN","I","trapnest_25","Low",0,16,0,0,0,2,2,0,0,1,2,2,0
"442",2023-06-15,166,"NN","I","trapnest_25","Low",0,16,3,3,0,3,3,0,0,3,0,0,0.1875
"443",2023-06-19,170,"NN","I","trapnest_25","Low",0,15,0,0,0,3,3,0,0,2,1,1,0
"444",2023-06-22,173,"NN","I","trapnest_25","Low",3,16,1,1,0,2,2,0,0,0,2,2,0.0625
"445",2023-06-23,174,"NN","I","trapnest_25","Low",1,16,0,0,0,2,2,0,0,0,2,2,0
"446",2023-06-30,181,"NN","I","trapnest_25","Low",1,14,0,0,0,2,2,0,0,0,2,2,0
"447",2023-07-03,184,"NN","I","trapnest_25","Low",2,14,0,0,0,2,2,0,0,0,2,2,0
"448",2023-07-04,185,"NN","I","trapnest_25","Low",1,12,0,0,0,2,2,0,0,0,2,2,0
"449",2023-07-06,187,"NN","I","trapnest_25","Low",2,13,0,0,0,1,1,0,0,0,1,1,0
"450",2023-05-11,131,"NN","I","trapnest_26","Mid",4,12,0,0,0,6,0,0,0,0,6,0,0
"451",2023-05-12,132,"NN","I","trapnest_26","Mid",1,12,0,0,0,6,0,0,0,0,6,0,0
"452",2023-05-15,135,"NN","I","trapnest_26","Mid",3,12,0,0,0,6,0,0,0,0,6,0,0
"453",2023-05-16,136,"NN","I","trapnest_26","Mid",1,13,0,0,0,5,0,0,0,0,5,0,0
"454",2023-05-18,138,"NN","I","trapnest_26","Mid",2,13,0,0,0,5,0,0,0,0,5,0,0
"455",2023-05-19,139,"NN","I","trapnest_26","Mid",1,13,0,0,0,5,0,0,0,0,5,0,0
"456",2023-05-21,141,"NN","I","trapnest_26","Mid",1,13,0,0,0,5,0,0,0,0,5,0,0
"457",2023-05-22,142,"NN","I","trapnest_26","Mid",1,13,1,1,0,5,0,0,0,0,5,0,0.0769230769230769
"458",2023-05-25,145,"NN","I","trapnest_26","Mid",3,12,0,0,0,6,1,0,0,0,6,1,0
"459",2023-05-26,146,"NN","I","trapnest_26","Mid",1,12,0,0,0,6,1,0,0,0,6,1,0
"460",2023-05-28,148,"NN","I","trapnest_26","Mid",2,12,0,0,0,6,0,0,0,0,6,0,0
"461",2023-05-29,149,"NN","I","trapnest_26","Mid",1,12,0,0,0,6,0,0,0,0,6,0,0
"462",2023-05-31,151,"NN","I","trapnest_26","Mid",2,12,0,0,0,6,0,0,0,0,6,0,0
"463",2023-06-01,152,"NN","I","trapnest_26","Mid",1,10,0,0,0,6,0,0,0,0,6,0,0
"464",2023-06-04,155,"NN","I","trapnest_26","Mid",3,9,0,0,0,5,0,0,0,0,5,0,0
"465",2023-06-05,156,"NN","I","trapnest_26","Mid",1,11,0,0,0,5,0,0,0,0,5,0,0
"466",2023-06-08,159,"NN","I","trapnest_26","Mid",2,11,0,0,0,5,0,0,0,0,5,0,0
"467",2023-06-10,161,"NN","I","trapnest_26","Mid",0,12,0,0,0,4,0,0,0,0,4,0,0
"468",2023-06-11,162,"NN","I","trapnest_26","Mid",1,11,0,0,0,4,0,0,0,0,4,0,0
"469",2023-06-12,163,"NN","I","trapnest_26","Mid",0,11,0,0,0,5,0,0,0,0,5,0,0
"470",2023-06-15,166,"NN","I","trapnest_26","Mid",0,11,0,0,0,5,0,0,0,0,5,0,0
"471",2023-06-19,170,"NN","I","trapnest_26","Mid",0,9,0,0,0,5,0,0,0,0,5,0,0
"472",2023-06-22,173,"NN","I","trapnest_26","Mid",3,11,0,0,0,5,0,0,0,0,5,0,0
"473",2023-06-23,174,"NN","I","trapnest_26","Mid",1,12,0,0,0,6,0,0,0,0,6,0,0
"474",2023-06-30,181,"NN","I","trapnest_26","Mid",1,12,0,0,0,6,0,0,0,0,6,0,0
"475",2023-07-03,184,"NN","I","trapnest_26","Mid",2,12,0,0,0,6,0,0,0,0,6,0,0
"476",2023-07-04,185,"NN","I","trapnest_26","Mid",1,12,0,0,0,6,0,0,0,0,6,0,0
"477",2023-07-06,187,"NN","I","trapnest_26","Mid",2,11,0,0,0,6,0,0,0,0,6,0,0
"478",2023-05-11,131,"NN","I","trapnest_27","High",4,7,0,0,0,11,0,0,0,0,11,0,0
"479",2023-05-12,132,"NN","I","trapnest_27","High",1,7,0,0,0,11,0,0,0,0,11,0,0
"480",2023-05-15,135,"NN","I","trapnest_27","High",3,7,0,0,0,11,0,0,0,0,11,0,0
"481",2023-05-16,136,"NN","I","trapnest_27","High",1,7,0,0,0,11,0,0,0,0,11,0,0
"482",2023-05-18,138,"NN","I","trapnest_27","High",2,7,0,0,0,11,0,0,0,0,11,0,0
"483",2023-05-19,139,"NN","I","trapnest_27","High",1,7,0,0,0,11,0,0,0,0,11,0,0
"484",2023-05-21,141,"NN","I","trapnest_27","High",1,7,0,0,0,11,0,0,0,0,11,0,0
"485",2023-05-22,142,"NN","I","trapnest_27","High",1,7,0,0,0,11,0,0,0,0,11,0,0
"486",2023-05-25,145,"NN","I","trapnest_27","High",3,7,0,0,0,11,0,0,0,0,11,0,0
"487",2023-05-26,146,"NN","I","trapnest_27","High",1,7,0,0,0,11,0,0,0,0,11,0,0
"488",2023-05-28,148,"NN","I","trapnest_27","High",2,7,0,0,0,11,0,0,0,0,11,0,0
"489",2023-05-29,149,"NN","I","trapnest_27","High",1,7,0,0,0,11,0,0,0,0,11,0,0
"490",2023-05-31,151,"NN","I","trapnest_27","High",2,7,0,0,0,11,0,0,0,0,11,0,0
"491",2023-06-01,152,"NN","I","trapnest_27","High",1,6,0,0,0,11,0,0,0,0,11,0,0
"492",2023-06-04,155,"NN","I","trapnest_27","High",3,6,0,0,0,11,0,0,0,0,11,0,0
"493",2023-06-05,156,"NN","I","trapnest_27","High",1,7,0,0,0,10,0,0,0,0,10,0,0
"494",2023-06-08,159,"NN","I","trapnest_27","High",2,6,0,0,0,11,0,0,0,0,11,0,0
"495",2023-06-10,161,"NN","I","trapnest_27","High",0,6,0,0,0,11,0,0,0,0,11,0,0
"496",2023-06-11,162,"NN","I","trapnest_27","High",1,6,0,0,0,11,0,0,0,0,11,0,0
"497",2023-06-12,163,"NN","I","trapnest_27","High",0,6,0,0,0,11,0,0,0,0,11,0,0
"498",2023-06-15,166,"NN","I","trapnest_27","High",0,6,0,0,0,11,0,0,0,0,11,0,0
"499",2023-06-19,170,"NN","I","trapnest_27","High",0,7,0,0,0,11,0,0,0,0,11,0,0
"500",2023-06-22,173,"NN","I","trapnest_27","High",3,7,0,0,0,11,0,0,0,0,11,0,0
"501",2023-06-23,174,"NN","I","trapnest_27","High",1,7,0,0,0,11,0,0,0,0,11,0,0
"502",2023-06-30,181,"NN","I","trapnest_27","High",1,6,0,0,0,11,0,0,0,0,11,0,0
"503",2023-07-03,184,"NN","I","trapnest_27","High",2,6,0,0,0,11,0,0,0,0,11,0,0
"504",2023-07-04,185,"NN","I","trapnest_27","High",1,6,0,0,0,11,0,0,0,0,11,0,0
"505",2023-07-06,187,"NN","I","trapnest_27","High",2,5,0,0,0,11,0,0,0,0,11,0,0
"506",2023-05-11,131,"NN","J","trapnest_28","Low",4,18,0,0,0,0,0,0,0,0,0,0,0
"507",2023-05-12,132,"NN","J","trapnest_28","Low",1,18,0,0,0,0,0,0,0,0,0,0,0
"508",2023-05-15,135,"NN","J","trapnest_28","Low",3,18,0,0,0,0,0,0,0,0,0,0,0
"509",2023-05-16,136,"NN","J","trapnest_28","Low",1,18,0,0,0,0,0,0,0,0,0,0,0
"510",2023-05-18,138,"NN","J","trapnest_28","Low",2,18,0,0,0,0,0,0,0,0,0,0,0
"511",2023-05-19,139,"NN","J","trapnest_28","Low",1,18,0,0,0,0,0,0,0,0,0,0,0
"512",2023-05-21,141,"NN","J","trapnest_28","Low",1,18,0,0,0,0,0,0,0,0,0,0,0
"513",2023-05-22,142,"NN","J","trapnest_28","Low",1,18,0,0,0,0,0,0,0,0,0,0,0
"514",2023-05-25,145,"NN","J","trapnest_28","Low",3,18,0,0,0,0,0,0,0,0,0,0,0
"515",2023-05-26,146,"NN","J","trapnest_28","Low",1,18,0,0,0,0,0,0,0,0,0,0,0
"516",2023-05-28,148,"NN","J","trapnest_28","Low",2,18,0,0,0,0,0,0,0,0,0,0,0
"517",2023-05-29,149,"NN","J","trapnest_28","Low",1,18,1,1,0,0,0,0,0,0,0,0,0.0555555555555556
"518",2023-05-31,151,"NN","J","trapnest_28","Low",2,18,0,0,0,0,0,0,0,0,0,0,0
"519",2023-06-01,152,"NN","J","trapnest_28","Low",1,18,0,0,0,0,0,0,0,0,0,0,0
"520",2023-06-04,155,"NN","J","trapnest_28","Low",3,18,0,0,0,0,0,0,0,0,0,0,0
"521",2023-06-05,156,"NN","J","trapnest_28","Low",1,18,0,0,0,0,0,0,0,0,0,0,0
"522",2023-06-08,159,"NN","J","trapnest_28","Low",2,18,0,0,0,0,0,0,0,0,0,0,0
"523",2023-06-10,161,"NN","J","trapnest_28","Low",0,18,0,0,0,0,0,0,0,0,0,0,0
"524",2023-06-11,162,"NN","J","trapnest_28","Low",1,18,0,0,0,0,0,0,0,0,0,0,0
"525",2023-06-12,163,"NN","J","trapnest_28","Low",0,18,0,0,0,0,0,0,0,0,0,0,0
"526",2023-06-15,166,"NN","J","trapnest_28","Low",0,18,0,0,0,0,0,0,0,0,0,0,0
"527",2023-06-19,170,"NN","J","trapnest_28","Low",0,18,0,0,0,0,0,0,0,0,0,0,0
"528",2023-06-22,173,"NN","J","trapnest_28","Low",3,17,1,1,0,0,0,0,0,1,0,0,0.0588235294117647
"529",2023-06-23,174,"NN","J","trapnest_28","Low",1,15,0,0,0,1,1,0,0,1,1,1,0
"530",2023-06-30,181,"NN","J","trapnest_28","Low",1,13,0,0,0,1,1,0,0,0,1,1,0
"531",2023-07-03,184,"NN","J","trapnest_28","Low",2,18,0,0,0,0,0,0,0,0,0,0,0
"532",2023-07-04,185,"NN","J","trapnest_28","Low",1,15,0,0,0,0,0,0,0,0,0,0,0
"533",2023-07-06,187,"NN","J","trapnest_28","Low",2,15,0,0,0,0,0,0,0,0,0,0,0
"534",2023-05-11,131,"NN","J","trapnest_29","Mid",4,12,0,0,0,6,0,0,0,0,6,0,0
"535",2023-05-12,132,"NN","J","trapnest_29","Mid",1,12,0,0,0,6,0,0,0,0,6,0,0
"536",2023-05-15,135,"NN","J","trapnest_29","Mid",3,12,0,0,0,6,0,0,0,0,6,0,0
"537",2023-05-16,136,"NN","J","trapnest_29","Mid",1,12,0,0,0,6,0,0,0,0,6,0,0
"538",2023-05-18,138,"NN","J","trapnest_29","Mid",2,12,1,1,0,6,0,0,0,0,6,0,0.0833333333333333
"539",2023-05-19,139,"NN","J","trapnest_29","Mid",1,11,0,0,0,7,1,0,0,0,7,1,0
"540",2023-05-21,141,"NN","J","trapnest_29","Mid",1,11,0,0,0,7,1,0,0,0,7,1,0
"541",2023-05-22,142,"NN","J","trapnest_29","Mid",1,11,0,0,0,7,1,0,0,0,7,1,0
"542",2023-05-25,145,"NN","J","trapnest_29","Mid",3,12,1,1,0,6,1,0,0,0,6,1,0.0833333333333333
"543",2023-05-26,146,"NN","J","trapnest_29","Mid",1,12,0,0,0,6,2,0,0,0,6,2,0
"544",2023-05-28,148,"NN","J","trapnest_29","Mid",2,12,0,0,0,6,2,0,0,0,6,2,0
"545",2023-05-29,149,"NN","J","trapnest_29","Mid",1,12,0,0,0,6,2,0,0,0,6,2,0
"546",2023-05-31,151,"NN","J","trapnest_29","Mid",2,12,1,1,0,6,2,0,0,0,6,2,0.0833333333333333
"547",2023-06-01,152,"NN","J","trapnest_29","Mid",1,13,1,1,0,5,1,0,0,1,5,1,0.0769230769230769
"548",2023-06-04,155,"NN","J","trapnest_29","Mid",3,12,0,0,0,6,2,0,0,1,6,2,0
"549",2023-06-05,156,"NN","J","trapnest_29","Mid",1,12,0,0,0,6,2,0,0,1,6,2,0
"550",2023-06-08,159,"NN","J","trapnest_29","Mid",2,12,0,0,0,6,2,0,0,1,6,2,0
"551",2023-06-10,161,"NN","J","trapnest_29","Mid",0,12,0,0,0,6,2,0,0,1,6,2,0
"552",2023-06-11,162,"NN","J","trapnest_29","Mid",1,11,0,0,0,6,2,0,0,1,6,2,0
"553",2023-06-12,163,"NN","J","trapnest_29","Mid",0,11,0,0,0,6,2,0,0,1,6,2,0
"554",2023-06-15,166,"NN","J","trapnest_29","Mid",0,11,0,0,0,6,2,0,0,1,6,2,0
"555",2023-06-19,170,"NN","J","trapnest_29","Mid",0,10,0,0,0,6,2,0,0,1,6,2,0
"556",2023-06-22,173,"NN","J","trapnest_29","Mid",3,10,0,0,0,6,1,0,0,1,6,1,0
"557",2023-06-23,174,"NN","J","trapnest_29","Mid",1,10,0,0,0,6,1,0,0,1,6,1,0
"558",2023-06-30,181,"NN","J","trapnest_29","Mid",1,10,0,0,0,6,1,0,0,1,6,1,0
"559",2023-07-03,184,"NN","J","trapnest_29","Mid",2,11,0,0,0,6,1,0,0,1,6,1,0
"560",2023-07-04,185,"NN","J","trapnest_29","Mid",1,11,0,0,0,6,1,0,0,1,6,1,0
"561",2023-07-06,187,"NN","J","trapnest_29","Mid",2,11,0,0,0,6,1,0,0,1,6,1,0
"562",2023-05-11,131,"BP","A","trapnest_3","High",3,7,0,0,0,11,0,0,0,0,11,0,0
"563",2023-05-12,132,"BP","A","trapnest_3","High",1,7,0,0,0,11,0,0,0,0,11,0,0
"564",2023-05-15,135,"BP","A","trapnest_3","High",3,7,0,0,0,11,0,0,0,0,11,0,0
"565",2023-05-16,136,"BP","A","trapnest_3","High",1,7,0,0,0,11,0,0,0,0,11,0,0
"566",2023-05-17,137,"BP","A","trapnest_3","High",1,7,0,0,0,11,0,0,0,0,11,0,0
"567",2023-05-19,139,"BP","A","trapnest_3","High",2,7,0,0,0,11,0,0,0,0,11,0,0
"568",2023-05-21,141,"BP","A","trapnest_3","High",1,7,0,0,0,11,0,0,0,0,11,0,0
"569",2023-05-22,142,"BP","A","trapnest_3","High",1,7,0,0,0,11,0,0,0,0,11,0,0
"570",2023-05-23,143,"BP","A","trapnest_3","High",1,7,1,1,0,11,0,0,0,0,11,0,0.142857142857143
"571",2023-05-26,146,"BP","A","trapnest_3","High",2,7,1,1,0,11,1,0,0,1,11,1,0.142857142857143
"572",2023-05-28,148,"BP","A","trapnest_3","High",2,7,0,0,0,11,2,0,0,0,11,2,0
"573",2023-05-29,149,"BP","A","trapnest_3","High",1,7,1,1,0,11,2,0,0,0,11,2,0.142857142857143
"574",2023-05-31,151,"BP","A","trapnest_3","High",2,6,1,1,0,12,3,0,0,0,12,3,0.166666666666667
"575",2023-06-02,153,"BP","A","trapnest_3","High",2,8,3,3,0,11,5,0,0,0,11,5,0.375
"576",2023-06-05,156,"BP","A","trapnest_3","High",1,5,0,0,0,13,7,0,0,0,13,7,0
"577",2023-06-08,159,"BP","A","trapnest_3","High",2,7,0,0,0,11,6,0,0,0,11,6,0
"578",2023-06-10,161,"BP","A","trapnest_3","High",0,7,0,0,0,11,6,0,0,0,11,6,0
"579",2023-06-12,163,"BP","A","trapnest_3","High",1,7,0,0,0,11,6,0,0,0,11,6,0
"580",2023-06-14,165,"BP","A","trapnest_3","High",0,7,0,0,0,11,6,0,0,0,11,6,0
"581",2023-06-16,167,"BP","A","trapnest_3","High",1,7,1,1,0,11,6,0,0,0,11,6,0.142857142857143
"582",2023-06-20,171,"BP","A","trapnest_3","High",3,7,0,0,0,11,6,0,0,0,11,6,0
"583",2023-06-23,174,"BP","A","trapnest_3","High",3,6,0,0,0,11,6,0,0,0,11,6,0
"584",2023-06-29,180,"BP","A","trapnest_3","High",1,5,0,0,0,11,6,0,0,0,11,6,0
"585",2023-05-11,131,"NN","J","trapnest_30","High",4,7,0,0,0,11,0,0,0,0,11,0,0
"586",2023-05-12,132,"NN","J","trapnest_30","High",1,7,0,0,0,11,0,0,0,0,11,0,0
"587",2023-05-15,135,"NN","J","trapnest_30","High",3,7,0,0,0,11,0,0,0,0,11,0,0
"588",2023-05-16,136,"NN","J","trapnest_30","High",1,7,0,0,0,11,0,0,0,0,11,0,0
"589",2023-05-18,138,"NN","J","trapnest_30","High",2,7,0,0,0,11,0,0,0,0,11,0,0
"590",2023-05-19,139,"NN","J","trapnest_30","High",1,7,0,0,0,11,0,0,0,0,11,0,0
"591",2023-05-21,141,"NN","J","trapnest_30","High",1,7,0,0,0,11,0,0,0,0,11,0,0
"592",2023-05-22,142,"NN","J","trapnest_30","High",1,7,0,0,0,11,0,0,0,0,11,0,0
"593",2023-05-25,145,"NN","J","trapnest_30","High",3,7,0,0,0,11,0,0,0,0,11,0,0
"594",2023-05-26,146,"NN","J","trapnest_30","High",1,7,0,0,0,11,0,0,0,0,11,0,0
"595",2023-05-28,148,"NN","J","trapnest_30","High",2,7,0,0,0,11,0,0,0,0,11,0,0
"596",2023-05-29,149,"NN","J","trapnest_30","High",1,7,0,0,0,11,0,0,0,0,11,0,0
"597",2023-05-31,151,"NN","J","trapnest_30","High",2,7,0,0,0,11,0,0,0,0,11,0,0
"598",2023-06-01,152,"NN","J","trapnest_30","High",1,7,0,0,0,11,0,0,0,0,11,0,0
"599",2023-06-04,155,"NN","J","trapnest_30","High",3,7,0,0,0,11,0,0,0,0,11,0,0
"600",2023-06-05,156,"NN","J","trapnest_30","High",1,7,0,0,0,11,0,0,0,0,11,0,0
"601",2023-06-08,159,"NN","J","trapnest_30","High",2,7,0,0,0,11,0,0,0,0,11,0,0
"602",2023-06-10,161,"NN","J","trapnest_30","High",0,7,0,0,0,11,0,0,0,0,11,0,0
"603",2023-06-11,162,"NN","J","trapnest_30","High",1,7,0,0,0,11,0,0,0,0,11,0,0
"604",2023-06-12,163,"NN","J","trapnest_30","High",0,7,0,0,0,11,0,0,0,0,11,0,0
"605",2023-06-15,166,"NN","J","trapnest_30","High",0,7,0,0,0,11,0,0,0,0,11,0,0
"606",2023-06-19,170,"NN","J","trapnest_30","High",0,6,0,0,0,11,0,0,0,0,11,0,0
"607",2023-06-22,173,"NN","J","trapnest_30","High",3,4,2,0,2,11,0,0.5,0.5,0,11,0,0
"608",2023-06-23,174,"NN","J","trapnest_30","High",1,4,0,0,0,11,0,2,2,0,11,0,0
"609",2023-06-30,181,"NN","J","trapnest_30","High",1,4,1,0,1,11,0,2,2,0,11,0,0
"610",2023-07-03,184,"NN","J","trapnest_30","High",2,5,0,0,0,10,0,2,2,0,10,0,0
"611",2023-07-04,185,"NN","J","trapnest_30","High",1,5,0,0,0,10,0,2,2,0,10,0,0
"612",2023-07-06,187,"NN","J","trapnest_30","High",2,5,0,0,0,10,0,2,2,0,10,0,0
"613",2023-05-11,131,"NN","K","trapnest_31","Low",4,18,0,0,0,0,0,0,0,0,0,0,0
"614",2023-05-12,132,"NN","K","trapnest_31","Low",1,18,0,0,0,0,0,0,0,0,0,0,0
"615",2023-05-15,135,"NN","K","trapnest_31","Low",3,18,0,0,0,0,0,0,0,0,0,0,0
"616",2023-05-16,136,"NN","K","trapnest_31","Low",1,18,0,0,0,0,0,0,0,0,0,0,0
"617",2023-05-18,138,"NN","K","trapnest_31","Low",2,18,0,0,0,0,0,0,0,0,0,0,0
"618",2023-05-19,139,"NN","K","trapnest_31","Low",1,18,0,0,0,0,0,0,0,0,0,0,0
"619",2023-05-21,141,"NN","K","trapnest_31","Low",1,18,0,0,0,0,0,0,0,0,0,0,0
"620",2023-05-22,142,"NN","K","trapnest_31","Low",1,18,0,0,0,0,0,0,0,0,0,0,0
"621",2023-05-25,145,"NN","K","trapnest_31","Low",3,18,0,0,0,0,0,0,0,0,0,0,0
"622",2023-05-26,146,"NN","K","trapnest_31","Low",1,18,0,0,0,0,0,0,0,0,0,0,0
"623",2023-05-28,148,"NN","K","trapnest_31","Low",2,18,0,0,0,0,0,0,0,0,0,0,0
"624",2023-05-29,149,"NN","K","trapnest_31","Low",1,18,1,1,0,0,0,0,0,0,0,0,0.0555555555555556
"625",2023-05-31,151,"NN","K","trapnest_31","Low",2,18,0,0,0,0,0,0,0,0,0,0,0
"626",2023-06-01,152,"NN","K","trapnest_31","Low",1,18,0,0,0,0,0,0,0,0,0,0,0
"627",2023-06-04,155,"NN","K","trapnest_31","Low",3,18,0,0,0,0,0,0,0,0,0,0,0
"628",2023-06-05,156,"NN","K","trapnest_31","Low",1,18,0,0,0,0,0,0,0,0,0,0,0
"629",2023-06-08,159,"NN","K","trapnest_31","Low",2,18,0,0,0,0,0,0,0,0,0,0,0
"630",2023-06-10,161,"NN","K","trapnest_31","Low",0,18,0,0,0,0,0,0,0,0,0,0,0
"631",2023-06-11,162,"NN","K","trapnest_31","Low",1,18,0,0,0,0,0,0,0,0,0,0,0
"632",2023-06-12,163,"NN","K","trapnest_31","Low",0,18,0,0,0,0,0,0,0,0,0,0,0
"633",2023-06-15,166,"NN","K","trapnest_31","Low",0,16,0,0,0,0,0,0,0,0,0,0,0
"634",2023-06-19,170,"NN","K","trapnest_31","Low",0,14,0,0,0,0,0,0,0,0,0,0,0
"635",2023-06-22,173,"NN","K","trapnest_31","Low",3,14,0,0,0,0,0,0,0,0,0,0,0
"636",2023-06-23,174,"NN","K","trapnest_31","Low",1,15,0,0,0,0,0,0,0,0,0,0,0
"637",2023-06-30,181,"NN","K","trapnest_31","Low",1,14,0,0,0,0,0,0,0,0,0,0,0
"638",2023-07-03,184,"NN","K","trapnest_31","Low",2,17,0,0,0,0,0,0,0,0,0,0,0
"639",2023-07-04,185,"NN","K","trapnest_31","Low",1,16,0,0,0,0,0,0,0,0,0,0,0
"640",2023-07-06,187,"NN","K","trapnest_31","Low",2,17,0,0,0,0,0,0,0,0,0,0,0
"641",2023-05-11,131,"NN","K","trapnest_32","Mid",4,12,0,0,0,6,0,0,0,0,6,0,0
"642",2023-05-12,132,"NN","K","trapnest_32","Mid",1,12,0,0,0,6,0,0,0,0,6,0,0
"643",2023-05-15,135,"NN","K","trapnest_32","Mid",3,12,0,0,0,6,0,0,0,0,6,0,0
"644",2023-05-16,136,"NN","K","trapnest_32","Mid",1,12,0,0,0,6,0,0,0,0,6,0,0
"645",2023-05-18,138,"NN","K","trapnest_32","Mid",2,12,0,0,0,6,0,0,0,0,6,0,0
"646",2023-05-19,139,"NN","K","trapnest_32","Mid",1,12,0,0,0,6,0,0,0,0,6,0,0
"647",2023-05-21,141,"NN","K","trapnest_32","Mid",1,12,0,0,0,6,0,0,0,0,6,0,0
"648",2023-05-22,142,"NN","K","trapnest_32","Mid",1,12,0,0,0,6,0,0,0,0,6,0,0
"649",2023-05-25,145,"NN","K","trapnest_32","Mid",3,12,0,0,0,6,0,0,0,0,6,0,0
"650",2023-05-26,146,"NN","K","trapnest_32","Mid",1,12,3,3,0,7,1,0,0,0,7,1,0.25
"651",2023-05-28,148,"NN","K","trapnest_32","Mid",2,12,0,0,0,6,3,0,0,0,6,3,0
"652",2023-05-29,149,"NN","K","trapnest_32","Mid",1,12,1,1,0,6,3,0,0,0,6,3,0.0833333333333333
"653",2023-05-31,151,"NN","K","trapnest_32","Mid",2,12,1,1,0,6,3,0,0,0,6,3,0.0833333333333333
"654",2023-06-01,152,"NN","K","trapnest_32","Mid",1,11,1,1,0,7,4,0,0,0,7,4,0.0909090909090909
"655",2023-06-04,155,"NN","K","trapnest_32","Mid",3,11,0,0,0,7,2,0,0,0,7,2,0
"656",2023-06-05,156,"NN","K","trapnest_32","Mid",1,12,0,0,0,6,2,0,0,0,6,2,0
"657",2023-06-08,159,"NN","K","trapnest_32","Mid",2,12,0,0,0,6,2,0,0,0,6,2,0
"658",2023-06-10,161,"NN","K","trapnest_32","Mid",0,12,0,0,0,6,2,0,0,0,6,2,0
"659",2023-06-11,162,"NN","K","trapnest_32","Mid",1,12,0,0,0,6,2,0,0,0,6,2,0
"660",2023-06-12,163,"NN","K","trapnest_32","Mid",0,12,0,0,0,6,2,0,0,0,6,2,0
"661",2023-06-15,166,"NN","K","trapnest_32","Mid",0,11,0,0,0,6,2,0,0,0,6,2,0
"662",2023-06-19,170,"NN","K","trapnest_32","Mid",0,11,0,0,0,6,2,0,0,0,6,2,0
"663",2023-06-22,173,"NN","K","trapnest_32","Mid",3,11,0,0,0,6,2,0,0,0,6,2,0
"664",2023-06-23,174,"NN","K","trapnest_32","Mid",1,11,0,0,0,6,2,0,0,0,6,2,0
"665",2023-07-03,184,"NN","K","trapnest_32","Mid",2,11,0,0,0,6,1,0,0,0,6,1,0
"666",2023-07-04,185,"NN","K","trapnest_32","Mid",1,10,0,0,0,6,1,0,0,0,6,1,0
"667",2023-07-06,187,"NN","K","trapnest_32","Mid",2,9,0,0,0,6,1,0,0,0,6,1,0
"668",2023-06-30,181,"NN","K","trapnest_32","Mid",1,9,0,0,0,6,2,0,0,0,6,2,0
"669",2023-05-11,131,"NN","K","trapnest_33","High",4,7,0,0,0,11,0,0,0,0,11,0,0
"670",2023-05-12,132,"NN","K","trapnest_33","High",1,7,0,0,0,11,0,0,0,0,11,0,0
"671",2023-05-15,135,"NN","K","trapnest_33","High",3,7,0,0,0,11,0,0,0,0,11,0,0
"672",2023-05-16,136,"NN","K","trapnest_33","High",1,7,0,0,0,11,0,0,0,0,11,0,0
"673",2023-05-18,138,"NN","K","trapnest_33","High",2,7,0,0,0,11,0,0,0,0,11,0,0
"674",2023-05-19,139,"NN","K","trapnest_33","High",1,7,0,0,0,11,0,0,0,0,11,0,0
"675",2023-05-21,141,"NN","K","trapnest_33","High",1,7,0,0,0,11,0,0,0,0,11,0,0
"676",2023-05-22,142,"NN","K","trapnest_33","High",1,7,0,0,0,11,0,0,0,0,11,0,0
"677",2023-05-25,145,"NN","K","trapnest_33","High",3,7,0,0,0,11,0,0,0,0,11,0,0
"678",2023-05-26,146,"NN","K","trapnest_33","High",1,7,0,0,0,11,0,0,0,0,11,0,0
"679",2023-05-28,148,"NN","K","trapnest_33","High",2,7,0,0,0,11,0,0,0,0,11,0,0
"680",2023-05-29,149,"NN","K","trapnest_33","High",1,7,0,0,0,11,0,0,0,0,11,0,0
"681",2023-05-31,151,"NN","K","trapnest_33","High",2,7,0,0,0,11,0,0,0,0,11,0,0
"682",2023-06-01,152,"NN","K","trapnest_33","High",1,7,0,0,0,11,0,0,0,0,11,0,0
"683",2023-06-04,155,"NN","K","trapnest_33","High",3,7,0,0,0,11,0,0,0,0,11,0,0
"684",2023-06-05,156,"NN","K","trapnest_33","High",1,7,0,0,0,11,0,0,0,0,11,0,0
"685",2023-06-08,159,"NN","K","trapnest_33","High",2,7,0,0,0,11,0,0,0,0,11,0,0
"686",2023-06-10,161,"NN","K","trapnest_33","High",0,7,0,0,0,11,0,0,0,0,11,0,0
"687",2023-06-11,162,"NN","K","trapnest_33","High",1,7,0,0,0,11,0,0,0,0,11,0,0
"688",2023-06-12,163,"NN","K","trapnest_33","High",0,7,0,0,0,11,0,0,0,0,11,0,0
"689",2023-06-15,166,"NN","K","trapnest_33","High",0,7,0,0,0,11,0,0,0,0,11,0,0
"690",2023-06-19,170,"NN","K","trapnest_33","High",0,7,0,0,0,11,0,0,0,0,11,0,0
"691",2023-06-22,173,"NN","K","trapnest_33","High",3,7,0,0,0,11,0,0,0,0,11,0,0
"692",2023-06-23,174,"NN","K","trapnest_33","High",1,7,0,0,0,11,0,0,0,0,11,0,0
"693",2023-06-30,181,"NN","K","trapnest_33","High",1,7,0,0,0,11,0,0,0,0,11,0,0
"694",2023-07-03,184,"NN","K","trapnest_33","High",2,7,0,0,0,11,0,0,0,0,11,0,0
"695",2023-07-04,185,"NN","K","trapnest_33","High",1,7,0,0,0,11,0,0,0,0,11,0,0
"696",2023-07-06,187,"NN","K","trapnest_33","High",2,7,0,0,0,11,0,0,0,0,11,0,0
"697",2023-05-11,131,"NN","L","trapnest_34","Low",4,18,0,0,0,0,0,0,0,0,0,0,0
"698",2023-05-12,132,"NN","L","trapnest_34","Low",1,18,0,0,0,0,0,0,0,0,0,0,0
"699",2023-05-15,135,"NN","L","trapnest_34","Low",3,18,0,0,0,0,0,0,0,0,0,0,0
"700",2023-05-16,136,"NN","L","trapnest_34","Low",1,18,0,0,0,0,0,0,0,0,0,0,0
"701",2023-05-18,138,"NN","L","trapnest_34","Low",2,18,0,0,0,0,0,0,0,0,0,0,0
"702",2023-05-19,139,"NN","L","trapnest_34","Low",1,18,0,0,0,0,0,0,0,0,0,0,0
"703",2023-05-21,141,"NN","L","trapnest_34","Low",1,18,0,0,0,0,0,0,0,0,0,0,0
"704",2023-05-22,142,"NN","L","trapnest_34","Low",1,18,0,0,0,0,0,0,0,0,0,0,0
"705",2023-05-25,145,"NN","L","trapnest_34","Low",3,18,0,0,0,0,0,0,0,0,0,0,0
"706",2023-05-26,146,"NN","L","trapnest_34","Low",1,18,0,0,0,0,0,0,0,0,0,0,0
"707",2023-05-28,148,"NN","L","trapnest_34","Low",2,18,0,0,0,0,0,0,0,0,0,0,0
"708",2023-05-29,149,"NN","L","trapnest_34","Low",1,18,0,0,0,0,0,0,0,0,0,0,0
"709",2023-05-31,151,"NN","L","trapnest_34","Low",2,18,0,0,0,0,0,0,0,0,0,0,0
"710",2023-06-01,152,"NN","L","trapnest_34","Low",1,18,0,0,0,0,0,0,0,0,0,0,0
"711",2023-06-04,155,"NN","L","trapnest_34","Low",3,18,0,0,0,0,0,0,0,0,0,0,0
"712",2023-06-05,156,"NN","L","trapnest_34","Low",1,18,0,0,0,0,0,0,0,0,0,0,0
"713",2023-06-08,159,"NN","L","trapnest_34","Low",2,18,0,0,0,0,0,0,0,0,0,0,0
"714",2023-06-10,161,"NN","L","trapnest_34","Low",0,18,0,0,0,0,0,0,0,0,0,0,0
"715",2023-06-11,162,"NN","L","trapnest_34","Low",1,18,0,0,0,0,0,0,0,0,0,0,0
"716",2023-06-12,163,"NN","L","trapnest_34","Low",0,18,0,0,0,0,0,0,0,0,0,0,0
"717",2023-06-15,166,"NN","L","trapnest_34","Low",0,18,0,0,0,0,0,0,0,0,0,0,0
"718",2023-06-19,170,"NN","L","trapnest_34","Low",0,18,0,0,0,0,0,0,0,0,0,0,0
"719",2023-06-22,173,"NN","L","trapnest_34","Low",3,18,0,0,0,0,0,0,0,0,0,0,0
"720",2023-06-23,174,"NN","L","trapnest_34","Low",1,18,0,0,0,0,0,0,0,0,0,0,0
"721",2023-06-30,181,"NN","L","trapnest_34","Low",1,18,0,0,0,0,0,0,0,0,0,0,0
"722",2023-07-03,184,"NN","L","trapnest_34","Low",2,18,0,0,0,0,0,0,0,0,0,0,0
"723",2023-07-04,185,"NN","L","trapnest_34","Low",1,17,0,0,0,0,0,0,0,0,0,0,0
"724",2023-07-06,187,"NN","L","trapnest_34","Low",2,17,0,0,0,0,0,0,0,0,0,0,0
"725",2023-05-11,131,"NN","L","trapnest_35","Mid",4,12,0,0,0,6,0,0,0,0,6,0,0
"726",2023-05-12,132,"NN","L","trapnest_35","Mid",1,12,0,0,0,6,0,0,0,0,6,0,0
"727",2023-05-15,135,"NN","L","trapnest_35","Mid",3,12,0,0,0,6,0,0,0,0,6,0,0
"728",2023-05-16,136,"NN","L","trapnest_35","Mid",1,12,0,0,0,6,0,0,0,0,6,0,0
"729",2023-05-18,138,"NN","L","trapnest_35","Mid",2,12,0,0,0,6,0,0,0,0,6,0,0
"730",2023-05-19,139,"NN","L","trapnest_35","Mid",1,12,0,0,0,6,0,0,0,0,6,0,0
"731",2023-05-21,141,"NN","L","trapnest_35","Mid",1,12,0,0,0,6,0,0,0,0,6,0,0
"732",2023-05-22,142,"NN","L","trapnest_35","Mid",1,12,0,0,0,6,0,0,0,0,6,0,0
"733",2023-05-25,145,"NN","L","trapnest_35","Mid",3,12,0,0,0,6,0,0,0,0,6,0,0
"734",2023-05-26,146,"NN","L","trapnest_35","Mid",1,12,0,0,0,6,0,0,0,0,6,0,0
"735",2023-05-28,148,"NN","L","trapnest_35","Mid",2,12,0,0,0,6,0,0,0,0,6,0,0
"736",2023-05-29,149,"NN","L","trapnest_35","Mid",1,12,0,0,0,6,0,0,0,0,6,0,0
"737",2023-05-31,151,"NN","L","trapnest_35","Mid",2,12,0,0,0,6,0,0,0,0,6,0,0
"738",2023-06-01,152,"NN","L","trapnest_35","Mid",1,11,0,0,0,6,0,0,0,0,6,0,0
"739",2023-06-04,155,"NN","L","trapnest_35","Mid",3,9,2,2,0,6.5,0.5,0,0,0,6.5,0.5,0.222222222222222
"740",2023-06-05,156,"NN","L","trapnest_35","Mid",1,13,0,0,0,3,2,0,0,0,3,2,0
"741",2023-06-08,159,"NN","L","trapnest_35","Mid",2,11,0,0,0,4,2,0,0,1,4,2,0
"742",2023-06-10,161,"NN","L","trapnest_35","Mid",0,12,0,0,0,4,2,0,0,1,4,2,0
"743",2023-06-11,162,"NN","L","trapnest_35","Mid",1,9,0,0,0,4,2,0,0,1,4,2,0
"744",2023-06-12,163,"NN","L","trapnest_35","Mid",0,12,0,0,0,4,2,0,0,1,4,2,0
"745",2023-06-15,166,"NN","L","trapnest_35","Mid",0,11,0,0,0,4,2,0,0,1,4,2,0
"746",2023-06-19,170,"NN","L","trapnest_35","Mid",0,10,0,0,0,4,2,0,0,1,4,2,0
"747",2023-06-22,173,"NN","L","trapnest_35","Mid",3,8,1,1,0,6,1,0,0,0,6,1,0.125
"748",2023-06-23,174,"NN","L","trapnest_35","Mid",1,8,0,0,0,7,2,0,0,0,7,2,0
"749",2023-06-30,181,"NN","L","trapnest_35","Mid",1,6,0,0,0,7,2,0,0,0,7,2,0
"750",2023-07-03,184,"NN","L","trapnest_35","Mid",2,10,0,0,0,6,2,0,0,0,6,2,0
"751",2023-07-04,185,"NN","L","trapnest_35","Mid",1,10,0,0,0,6,2,0,0,0,6,2,0
"752",2023-07-06,187,"NN","L","trapnest_35","Mid",2,12,1,1,0,6,2,0,0,0,6,2,0.0833333333333333
"753",2023-05-11,131,"NN","L","trapnest_36","High",4,7,0,0,0,11,0,0,0,0,11,0,0
"754",2023-05-12,132,"NN","L","trapnest_36","High",1,7,0,0,0,11,0,0,0,0,11,0,0
"755",2023-05-15,135,"NN","L","trapnest_36","High",3,7,0,0,0,11,0,0,0,0,11,0,0
"756",2023-05-16,136,"NN","L","trapnest_36","High",1,7,0,0,0,11,0,0,0,0,11,0,0
"757",2023-05-18,138,"NN","L","trapnest_36","High",2,7,0,0,0,11,0,0,0,0,11,0,0
"758",2023-05-19,139,"NN","L","trapnest_36","High",1,7,0,0,0,11,0,0,0,0,11,0,0
"759",2023-05-21,141,"NN","L","trapnest_36","High",1,7,0,0,0,11,0,0,0,0,11,0,0
"760",2023-05-22,142,"NN","L","trapnest_36","High",1,7,0,0,0,11,0,0,0,0,11,0,0
"761",2023-05-25,145,"NN","L","trapnest_36","High",3,7,0,0,0,11,0,0,0,0,11,0,0
"762",2023-05-26,146,"NN","L","trapnest_36","High",1,7,0,0,0,11,0,0,0,0,11,0,0
"763",2023-05-28,148,"NN","L","trapnest_36","High",2,7,0,0,0,11,0,0,0,0,11,0,0
"764",2023-05-29,149,"NN","L","trapnest_36","High",1,7,2,2,0,11.5,0.5,0,0,0,11.5,0.5,0.285714285714286
"765",2023-05-31,151,"NN","L","trapnest_36","High",2,8,5,5,0,12,3,0,0,1,12,3,0.625
"766",2023-06-01,152,"NN","L","trapnest_36","High",1,5,0,0,0,13,6,0,0,3,10,3,0
"767",2023-06-04,155,"NN","L","trapnest_36","High",3,7,1,1,0,11,6,0,0,2,9,4,0.142857142857143
"768",2023-06-05,156,"NN","L","trapnest_36","High",1,7,0,0,0,11,6,0,0,2,9,4,0
"769",2023-06-08,159,"NN","L","trapnest_36","High",2,7,1,1,0,11,6,0,0,2,9,4,0.142857142857143
"770",2023-06-10,161,"NN","L","trapnest_36","High",0,7,0,0,0,11,7,0,0,2,9,5,0
"771",2023-06-11,162,"NN","L","trapnest_36","High",1,7,0,0,0,11,7,0,0,2,9,5,0
"772",2023-06-12,163,"NN","L","trapnest_36","High",0,7,0,0,0,11,7,0,0,2,9,5,0
"773",2023-06-15,166,"NN","L","trapnest_36","High",0,7,0,0,0,11,7,0,0,2,9,5,0
"774",2023-06-19,170,"NN","L","trapnest_36","High",0,7,0,0,0,11,7,0,0,1,11,7,0
"775",2023-06-22,173,"NN","L","trapnest_36","High",3,6,1,1,0,11,7,0,0,0,11,7,0.166666666666667
"776",2023-06-23,174,"NN","L","trapnest_36","High",1,6,0,0,0,11,7,0,0,0,11,7,0
"777",2023-06-30,181,"NN","L","trapnest_36","High",1,5,0,0,0,11,7,0,0,0,11,7,0
"778",2023-07-03,184,"NN","L","trapnest_36","High",2,6,0,0,0,11,7,0,0,0,11,7,0
"779",2023-07-04,185,"NN","L","trapnest_36","High",1,5,0,0,0,11,7,0,0,0,11,7,0
"780",2023-07-06,187,"NN","L","trapnest_36","High",2,7,0,0,0,11,7,0,0,0,11,7,0
"781",2023-07-03,184,"BP","M","trapnest_37","Low",1,18,0,0,0,0,0,0,0,0,0,0,0
"782",2023-07-04,185,"BP","M","trapnest_37","Low",1,18,0,0,0,0,0,0,0,0,0,0,0
"783",2023-07-07,188,"BP","M","trapnest_37","Low",3,18,0,0,0,0,0,0,0,0,0,0,0
"784",2023-07-10,191,"BP","M","trapnest_37","Low",1,17,0,0,0,0,0,0,0,0,0,0,0
"785",2023-07-12,193,"BP","M","trapnest_37","Low",1,18,0,0,0,0,0,0,0,0,0,0,0
"786",2023-07-03,184,"BP","M","trapnest_38","Mid",1,12,0,0,0,0,0,6,0,0,0,0,0
"787",2023-07-04,185,"BP","M","trapnest_38","Mid",1,11,0,0,0,0,0,6,0,0,0,0,0
"788",2023-07-07,188,"BP","M","trapnest_38","Mid",3,11,0,0,0,0,0,6,0,0,0,0,0
"789",2023-07-10,191,"BP","M","trapnest_38","Mid",1,12,0,0,0,0,0,6,0,0,0,0,0
"790",2023-07-12,193,"BP","M","trapnest_38","Mid",1,12,0,0,0,0,0,6,0,0,0,0,0
"791",2023-07-03,184,"BP","M","trapnest_39","High",1,7,0,0,0,0,0,11,0,0,0,0,0
"792",2023-07-04,185,"BP","M","trapnest_39","High",1,6,0,0,0,0,0,11,0,0,0,0,0
"793",2023-07-07,188,"BP","M","trapnest_39","High",3,6,0,0,0,0,0,11,0,0,0,0,0
"794",2023-07-10,191,"BP","M","trapnest_39","High",1,6,0,0,0,0,0,11,0,0,0,0,0
"795",2023-07-12,193,"BP","M","trapnest_39","High",1,6,0,0,0,0,0,11,0,0,0,0,0
"796",2023-05-11,131,"BP","B","trapnest_4","Low",3,18,0,0,0,0,0,0,0,0,0,0,0
"797",2023-05-12,132,"BP","B","trapnest_4","Low",1,18,0,0,0,0,0,0,0,0,0,0,0
"798",2023-05-15,135,"BP","B","trapnest_4","Low",3,18,0,0,0,0,0,0,0,0,0,0,0
"799",2023-05-16,136,"BP","B","trapnest_4","Low",1,18,0,0,0,0,0,0,0,0,0,0,0
"800",2023-05-17,137,"BP","B","trapnest_4","Low",1,18,0,0,0,0,0,0,0,0,0,0,0
"801",2023-05-19,139,"BP","B","trapnest_4","Low",2,18,0,0,0,0,0,0,0,0,0,0,0
"802",2023-05-21,141,"BP","B","trapnest_4","Low",1,18,0,0,0,0,0,0,0,0,0,0,0
"803",2023-05-22,142,"BP","B","trapnest_4","Low",1,18,0,0,0,0,0,0,0,0,0,0,0
"804",2023-05-23,143,"BP","B","trapnest_4","Low",1,18,0,0,0,0,0,0,0,0,0,0,0
"805",2023-05-26,146,"BP","B","trapnest_4","Low",2,18,0,0,0,0,0,0,0,0,0,0,0
"806",2023-05-28,148,"BP","B","trapnest_4","Low",2,18,0,0,0,0,0,0,0,0,0,0,0
"807",2023-05-29,149,"BP","B","trapnest_4","Low",1,18,0,0,0,0,0,0,0,0,0,0,0
"808",2023-05-31,151,"BP","B","trapnest_4","Low",2,18,0,0,0,0,0,0,0,0,0,0,0
"809",2023-06-02,153,"BP","B","trapnest_4","Low",2,18,0,0,0,0,0,0,0,0,0,0,0
"810",2023-06-05,156,"BP","B","trapnest_4","Low",1,18,0,0,0,0,0,0,0,0,0,0,0
"811",2023-06-08,159,"BP","B","trapnest_4","Low",2,18,0,0,0,0,0,0,0,0,0,0,0
"812",2023-06-10,161,"BP","B","trapnest_4","Low",0,18,0,0,0,0,0,0,0,0,0,0,0
"813",2023-06-12,163,"BP","B","trapnest_4","Low",1,18,0,0,0,0,0,0,0,0,0,0,0
"814",2023-06-14,165,"BP","B","trapnest_4","Low",0,17,0,0,0,0,0,0,0,0,0,0,0
"815",2023-06-16,167,"BP","B","trapnest_4","Low",1,17,0,0,0,0,0,0,0,0,0,0,0
"816",2023-06-20,171,"BP","B","trapnest_4","Low",3,16,0,0,0,0,0,0,0,0,0,0,0
"817",2023-06-23,174,"BP","B","trapnest_4","Low",3,15,1,1,0,0,0,0,0,0,0,0,0.0666666666666667
"818",2023-06-29,180,"BP","B","trapnest_4","Low",1,15,0,0,0,1,1,0,0,0,1,1,0
"819",2023-07-03,184,"BP","N","trapnest_40","Low",1,18,0,0,0,0,0,0,0,0,0,0,0
"820",2023-07-04,185,"BP","N","trapnest_40","Low",1,18,0,0,0,0,0,0,0,0,0,0,0
"821",2023-07-07,188,"BP","N","trapnest_40","Low",3,18,0,0,0,0,0,0,0,0,0,0,0
"822",2023-07-10,191,"BP","N","trapnest_40","Low",1,18,0,0,0,0,0,0,0,0,0,0,0
"823",2023-07-12,193,"BP","N","trapnest_40","Low",1,18,0,0,0,0,0,0,0,0,0,0,0
"824",2023-07-03,184,"BP","N","trapnest_41","Mid",1,12,0,0,0,0,0,6,0,0,0,0,0
"825",2023-07-04,185,"BP","N","trapnest_41","Mid",1,10,0,0,0,0,0,6,0,0,0,0,0
"826",2023-07-07,188,"BP","N","trapnest_41","Mid",3,11,0,0,0,0,0,6,0,0,0,0,0
"827",2023-07-10,191,"BP","N","trapnest_41","Mid",1,11,0,0,0,0,0,6,0,0,0,0,0
"828",2023-07-12,193,"BP","N","trapnest_41","Mid",1,12,0,0,0,0,0,6,0,0,0,0,0
"829",2023-07-03,184,"BP","N","trapnest_42","High",1,7,0,0,0,0,0,11,0,0,0,0,0
"830",2023-07-04,185,"BP","N","trapnest_42","High",1,5,0,0,0,0,0,11,0,0,0,0,0
"831",2023-07-07,188,"BP","N","trapnest_42","High",3,7,0,0,0,0,0,11,0,0,0,0,0
"832",2023-07-10,191,"BP","N","trapnest_42","High",1,7,0,0,0,0,0,11,0,0,0,0,0
"833",2023-07-12,193,"BP","N","trapnest_42","High",1,7,0,0,0,0,0,11,0,0,0,0,0
"834",2023-07-03,184,"BP","O","trapnest_43","Low",1,18,0,0,0,0,0,0,0,0,0,0,0
"835",2023-07-04,185,"BP","O","trapnest_43","Low",1,18,2,0,2,0,0,0.5,0.5,0,0,0,0
"836",2023-07-07,188,"BP","O","trapnest_43","Low",3,15,0,0,0,0,0,3,3,0,0,0,0
"837",2023-07-10,191,"BP","O","trapnest_43","Low",1,15,0,0,0,0,0,3,3,0,0,0,0
"838",2023-07-12,193,"BP","O","trapnest_43","Low",1,18,1,0,1,0,0,0,0,0,0,0,0
"839",2023-07-03,184,"BP","O","trapnest_44","Mid",1,12,0,0,0,0,0,6,0,0,0,0,0
"840",2023-07-04,185,"BP","O","trapnest_44","Mid",1,12,0,0,0,0,0,6,0,0,0,0,0
"841",2023-07-07,188,"BP","O","trapnest_44","Mid",3,12,0,0,0,0,0,6,0,0,0,0,0
"842",2023-07-10,191,"BP","O","trapnest_44","Mid",1,12,0,0,0,0,0,6,0,0,0,0,0
"843",2023-07-12,193,"BP","O","trapnest_44","Mid",1,12,0,0,0,0,0,6,0,0,0,0,0
"844",2023-07-03,184,"BP","O","trapnest_45","High",1,7,0,0,0,0,0,11,0,0,0,0,0
"845",2023-07-04,185,"BP","O","trapnest_45","High",1,3,0,0,0,0,0,11,0,0,0,0,0
"846",2023-07-07,188,"BP","O","trapnest_45","High",3,4,0,0,0,0,0,11,0,0,0,0,0
"847",2023-07-10,191,"BP","O","trapnest_45","High",1,4,0,0,0,0,0,11,0,0,0,0,0
"848",2023-07-12,193,"BP","O","trapnest_45","High",1,7,0,0,0,0,0,11,0,0,0,0,0
"849",2023-07-03,184,"BP","P","trapnest_46","Low",1,18,0,0,0,0,0,0,0,0,0,0,0
"850",2023-07-04,185,"BP","P","trapnest_46","Low",1,18,0,0,0,0,0,0,0,0,0,0,0
"851",2023-07-07,188,"BP","P","trapnest_46","Low",3,17,0,0,0,0,0,0,0,0,0,0,0
"852",2023-07-10,191,"BP","P","trapnest_46","Low",1,16,0,0,0,0,0,0,0,0,0,0,0
"853",2023-07-12,193,"BP","P","trapnest_46","Low",1,17,0,0,0,0,0,0,0,0,0,0,0
"854",2023-07-03,184,"BP","P","trapnest_47","Mid",1,12,0,0,0,0,0,6,0,0,0,0,0
"855",2023-07-04,185,"BP","P","trapnest_47","Mid",1,12,0,0,0,0,0,6,0,0,0,0,0
"856",2023-07-07,188,"BP","P","trapnest_47","Mid",3,12,0,0,0,0,0,6,0,0,0,0,0
"857",2023-07-10,191,"BP","P","trapnest_47","Mid",1,12,0,0,0,0,0,6,0,0,0,0,0
"858",2023-07-12,193,"BP","P","trapnest_47","Mid",1,12,0,0,0,0,0,6,0,0,0,0,0
"859",2023-07-03,184,"BP","P","trapnest_48","High",1,7,0,0,0,0,0,11,0,0,0,0,0
"860",2023-07-04,185,"BP","P","trapnest_48","High",1,6,0,0,0,0,0,11,0,0,0,0,0
"861",2023-07-07,188,"BP","P","trapnest_48","High",3,6,0,0,0,0,0,10,0,0,0,0,0
"862",2023-07-10,191,"BP","P","trapnest_48","High",1,6,0,0,0,0,0,11,0,0,0,0,0
"863",2023-07-12,193,"BP","P","trapnest_48","High",1,7,0,0,0,0,0,11,0,0,0,0,0
"864",2023-07-03,184,"BP","Q","trapnest_49","Low",1,17,0,0,0,0,0,0,0,0,0,0,0
"865",2023-07-04,185,"BP","Q","trapnest_49","Low",1,17,0,0,0,0,0,0,0,0,0,0,0
"866",2023-07-07,188,"BP","Q","trapnest_49","Low",3,16,0,0,0,0,0,0,0,0,0,0,0
"867",2023-07-10,191,"BP","Q","trapnest_49","Low",1,17,0,0,0,0,0,0,0,0,0,0,0
"868",2023-07-12,193,"BP","Q","trapnest_49","Low",1,17,0,0,0,0,0,0,0,0,0,0,0
"869",2023-05-11,131,"BP","B","trapnest_5","Mid",3,12,0,0,0,6,0,0,0,0,6,0,0
"870",2023-05-12,132,"BP","B","trapnest_5","Mid",1,12,0,0,0,6,0,0,0,0,6,0,0
"871",2023-05-15,135,"BP","B","trapnest_5","Mid",3,12,0,0,0,6,0,0,0,0,6,0,0
"872",2023-05-16,136,"BP","B","trapnest_5","Mid",1,12,0,0,0,6,0,0,0,0,6,0,0
"873",2023-05-17,137,"BP","B","trapnest_5","Mid",1,12,0,0,0,6,0,0,0,0,6,0,0
"874",2023-05-19,139,"BP","B","trapnest_5","Mid",2,12,0,0,0,6,0,0,0,0,6,0,0
"875",2023-05-21,141,"BP","B","trapnest_5","Mid",1,12,0,0,0,6,0,0,0,0,6,0,0
"876",2023-05-22,142,"BP","B","trapnest_5","Mid",1,12,0,0,0,6,0,0,0,0,6,0,0
"877",2023-05-23,143,"BP","B","trapnest_5","Mid",1,12,0,0,0,6,0,0,0,0,6,0,0
"878",2023-05-26,146,"BP","B","trapnest_5","Mid",2,12,0,0,0,6,0,0,0,0,6,0,0
"879",2023-05-28,148,"BP","B","trapnest_5","Mid",2,12,0,0,0,6,0,0,0,0,6,0,0
"880",2023-05-29,149,"BP","B","trapnest_5","Mid",1,12,1,1,0,6,0,0,0,0,6,0,0.0833333333333333
"881",2023-05-31,151,"BP","B","trapnest_5","Mid",2,13,1,1,0,5,0,0,0,0,5,0,0.0769230769230769
"882",2023-06-02,153,"BP","B","trapnest_5","Mid",2,12,1,1,0,6,1,0,0,1,6,1,0.0833333333333333
"883",2023-06-05,156,"BP","B","trapnest_5","Mid",1,12,0,0,0,6,2,0,0,0,6,2,0
"884",2023-06-08,159,"BP","B","trapnest_5","Mid",2,12,0,0,0,6,2,0,0,0,6,2,0
"885",2023-06-10,161,"BP","B","trapnest_5","Mid",0,12,0,0,0,6,2,0,0,0,6,2,0
"886",2023-06-12,163,"BP","B","trapnest_5","Mid",1,12,0,0,0,6,2,0,0,0,6,2,0
"887",2023-06-14,165,"BP","B","trapnest_5","Mid",0,12,0,0,0,6,2,0,0,0,6,2,0
"888",2023-06-16,167,"BP","B","trapnest_5","Mid",1,12,0,0,0,6,2,0,0,0,6,2,0
"889",2023-06-20,171,"BP","B","trapnest_5","Mid",3,12,1,0,1,6,2,0,0,0,6,2,0
"890",2023-06-23,174,"BP","B","trapnest_5","Mid",3,13,1,0,1,4,0,1,1,0,4,0,0
"891",2023-06-29,180,"BP","B","trapnest_5","Mid",1,10,1,0,1,6,0,2,2,0,6,0,0
"892",2023-07-03,184,"BP","Q","trapnest_50","Mid",1,12,0,0,0,0,0,6,0,0,0,0,0
"893",2023-07-04,185,"BP","Q","trapnest_50","Mid",1,10,2,1,1,0,0,6,0,0,0,0,0.1
"894",2023-07-07,188,"BP","Q","trapnest_50","Mid",3,7,0,0,0,1,1,6,1,0,1,1,0
"895",2023-07-10,191,"BP","Q","trapnest_50","Mid",1,5,0,0,0,1,1,6,1,0,1,1,0
"896",2023-07-12,193,"BP","Q","trapnest_50","Mid",1,9,0,0,0,0,0,6,1,0,0,0,0
"897",2023-07-03,184,"BP","Q","trapnest_51","High",1,7,0,0,0,0,0,11,0,0,0,0,0
"898",2023-07-04,185,"BP","Q","trapnest_51","High",1,7,1,1,0,0,0,11,0,0,0,0,0.142857142857143
"899",2023-07-07,188,"BP","Q","trapnest_51","High",3,6,0,0,0,1,1,11,0,0,1,1,0
"900",2023-07-10,191,"BP","Q","trapnest_51","High",1,6,0,0,0,1,1,11,0,0,1,1,0
"901",2023-07-12,193,"BP","Q","trapnest_51","High",1,6,0,0,0,0,0,11,0,0,0,0,0
"902",2023-07-03,184,"BP","R","trapnest_52","Low",1,18,0,0,0,0,0,0,0,0,0,0,0
"903",2023-07-04,185,"BP","R","trapnest_52","Low",1,17,0,0,0,0,0,0,0,0,0,0,0
"904",2023-07-07,188,"BP","R","trapnest_52","Low",3,16,0,0,0,0,0,0,0,0,0,0,0
"905",2023-07-10,191,"BP","R","trapnest_52","Low",1,16,0,0,0,0,0,0,0,0,0,0,0
"906",2023-07-12,193,"BP","R","trapnest_52","Low",1,16,0,0,0,0,0,0,0,0,0,0,0
"907",2023-07-03,184,"BP","R","trapnest_53","Mid",1,12,0,0,0,0,0,6,0,0,0,0,0
"908",2023-07-04,185,"BP","R","trapnest_53","Mid",1,10,0,0,0,0,0,6,0,0,0,0,0
"909",2023-07-07,188,"BP","R","trapnest_53","Mid",3,9,0,0,0,0,0,6,0,0,0,0,0
"910",2023-07-10,191,"BP","R","trapnest_53","Mid",1,11,0,0,0,0,0,6,0,0,0,0,0
"911",2023-07-12,193,"BP","R","trapnest_53","Mid",1,11,0,0,0,0,0,6,0,0,0,0,0
"912",2023-07-03,184,"BP","R","trapnest_54","High",1,7,0,0,0,0,0,11,0,0,0,0,0
"913",2023-07-04,185,"BP","R","trapnest_54","High",1,7,0,0,0,0,0,11,0,0,0,0,0
"914",2023-07-07,188,"BP","R","trapnest_54","High",3,7,0,0,0,0,0,11,0,0,0,0,0
"915",2023-07-10,191,"BP","R","trapnest_54","High",1,7,0,0,0,0,0,11,0,0,0,0,0
"916",2023-07-12,193,"BP","R","trapnest_54","High",1,7,0,0,0,0,0,11,0,0,0,0,0
"917",2023-07-04,185,"CP","S","trapnest_55","Low",1,18,0,0,0,0,0,0,0,0,0,0,0
"918",2023-07-05,186,"CP","S","trapnest_55","Low",1,18,0,0,0,0,0,0,0,0,0,0,0
"919",2023-07-07,188,"CP","S","trapnest_55","Low",2,18,0,0,0,0,0,0,0,0,0,0,0
"920",2023-07-10,191,"CP","S","trapnest_55","Low",1,18,0,0,0,0,0,0,0,0,0,0,0
"921",2023-07-12,193,"CP","S","trapnest_55","Low",1,18,0,0,0,0,0,0,0,0,0,0,0
"922",2023-07-04,185,"CP","S","trapnest_56","Mid",1,12,0,0,0,0,0,6,0,0,0,0,0
"923",2023-07-05,186,"CP","S","trapnest_56","Mid",1,12,0,0,0,0,0,6,0,0,0,0,0
"924",2023-07-07,188,"CP","S","trapnest_56","Mid",2,12,0,0,0,0,0,6,0,0,0,0,0
"925",2023-07-10,191,"CP","S","trapnest_56","Mid",1,12,0,0,0,0,0,6,0,0,0,0,0
"926",2023-07-12,193,"CP","S","trapnest_56","Mid",1,12,0,0,0,0,0,6,0,0,0,0,0
"927",2023-07-04,185,"CP","S","trapnest_57","High",1,7,0,0,0,0,0,11,0,0,0,0,0
"928",2023-07-05,186,"CP","S","trapnest_57","High",1,7,0,0,0,0,0,11,0,0,0,0,0
"929",2023-07-07,188,"CP","S","trapnest_57","High",2,7,0,0,0,0,0,11,0,0,0,0,0
"930",2023-07-10,191,"CP","S","trapnest_57","High",1,7,0,0,0,0,0,11,0,0,0,0,0
"931",2023-07-12,193,"CP","S","trapnest_57","High",1,7,0,0,0,0,0,11,0,0,0,0,0
"932",2023-07-04,185,"CP","T","trapnest_58","Low",1,18,0,0,0,0,0,0,0,0,0,0,0
"933",2023-07-05,186,"CP","T","trapnest_58","Low",1,17,0,0,0,0,0,0,0,0,0,0,0
"934",2023-07-07,188,"CP","T","trapnest_58","Low",2,17,0,0,0,0,0,0,0,0,0,0,0
"935",2023-07-10,191,"CP","T","trapnest_58","Low",1,18,0,0,0,0,0,0,0,0,0,0,0
"936",2023-07-12,193,"CP","T","trapnest_58","Low",1,18,0,0,0,0,0,0,0,0,0,0,0
"937",2023-07-04,185,"CP","T","trapnest_59","Mid",1,13,0,0,0,0,0,5,0,0,0,0,0
"938",2023-07-05,186,"CP","T","trapnest_59","Mid",1,13,2,0,2,0,0,5.5,0.5,0,0,0,0
"939",2023-07-07,188,"CP","T","trapnest_59","Mid",2,12,0,0,0,0,0,6,2,0,0,0,0
"940",2023-07-10,191,"CP","T","trapnest_59","Mid",1,12,0,0,0,0,0,6,2,0,0,0,0
"941",2023-07-12,193,"CP","T","trapnest_59","Mid",1,13,0,0,0,0,0,5,1,0,0,0,0
"942",2023-05-11,131,"BP","B","trapnest_6","High",3,7,0,0,0,11,0,0,0,0,11,0,0
"943",2023-05-12,132,"BP","B","trapnest_6","High",1,7,0,0,0,11,0,0,0,0,11,0,0
"944",2023-05-15,135,"BP","B","trapnest_6","High",3,7,0,0,0,11,0,0,0,0,11,0,0
"945",2023-05-16,136,"BP","B","trapnest_6","High",1,7,0,0,0,11,0,0,0,0,11,0,0
"946",2023-05-17,137,"BP","B","trapnest_6","High",1,7,0,0,0,11,0,0,0,0,11,0,0
"947",2023-05-19,139,"BP","B","trapnest_6","High",2,7,0,0,0,11,0,0,0,0,11,0,0
"948",2023-05-21,141,"BP","B","trapnest_6","High",1,7,0,0,0,11,0,0,0,0,11,0,0
"949",2023-05-22,142,"BP","B","trapnest_6","High",1,7,0,0,0,11,0,0,0,0,11,0,0
"950",2023-05-23,143,"BP","B","trapnest_6","High",1,7,0,0,0,11,0,0,0,0,11,0,0
"951",2023-05-26,146,"BP","B","trapnest_6","High",2,7,0,0,0,11,0,0,0,0,11,0,0
"952",2023-05-28,148,"BP","B","trapnest_6","High",2,7,0,0,0,11,0,0,0,0,11,0,0
"953",2023-05-29,149,"BP","B","trapnest_6","High",1,7,1,1,0,11,0,0,0,0,11,0,0.142857142857143
"954",2023-05-31,151,"BP","B","trapnest_6","High",2,8,4,4,0,11.5,1.5,0,0,0,11.5,1.5,0.5
"955",2023-06-02,153,"BP","B","trapnest_6","High",2,8,0,0,0,10,4,0,0,1,10,4,0
"956",2023-06-05,156,"BP","B","trapnest_6","High",1,7,1,1,0,11,4,0,0,0,11,4,0.142857142857143
"957",2023-06-08,159,"BP","B","trapnest_6","High",2,7,0,0,0,11,5,0,0,0,11,5,0
"958",2023-06-10,161,"BP","B","trapnest_6","High",0,7,0,0,0,11,5,0,0,0,11,5,0
"959",2023-06-12,163,"BP","B","trapnest_6","High",1,7,0,0,0,11,5,0,0,0,11,5,0
"960",2023-06-14,165,"BP","B","trapnest_6","High",0,7,0,0,0,11,5,0,0,0,11,5,0
"961",2023-06-16,167,"BP","B","trapnest_6","High",1,7,0,0,0,11,5,0,0,0,11,5,0
"962",2023-06-20,171,"BP","B","trapnest_6","High",3,7,1,1,0,11,5,0,0,0,11,5,0.142857142857143
"963",2023-06-23,174,"BP","B","trapnest_6","High",3,6,0,0,0,12,6,0,0,0,12,6,0
"964",2023-06-29,180,"BP","B","trapnest_6","High",1,6,0,0,0,12,6,0,0,0,12,6,0
"965",2023-07-04,185,"CP","T","trapnest_60","High",1,7,0,0,0,0,0,11,0,0,0,0,0
"966",2023-07-05,186,"CP","T","trapnest_60","High",1,7,0,0,0,0,0,11,0,0,0,0,0
"967",2023-07-07,188,"CP","T","trapnest_60","High",2,7,0,0,0,0,0,11,0,0,0,0,0
"968",2023-07-10,191,"CP","T","trapnest_60","High",1,7,0,0,0,0,0,11,0,0,0,0,0
"969",2023-07-12,193,"CP","T","trapnest_60","High",1,7,0,0,0,0,0,11,0,0,0,0,0
"970",2023-07-04,185,"CP","U","trapnest_61","Low",1,18,0,0,0,0,0,0,0,0,0,0,0
"971",2023-07-05,186,"CP","U","trapnest_61","Low",1,18,0,0,0,0,0,0,0,0,0,0,0
"972",2023-07-07,188,"CP","U","trapnest_61","Low",2,18,0,0,0,0,0,0,0,0,0,0,0
"973",2023-07-10,191,"CP","U","trapnest_61","Low",1,18,0,0,0,0,0,0,0,0,0,0,0
"974",2023-07-12,193,"CP","U","trapnest_61","Low",1,18,0,0,0,0,0,0,0,0,0,0,0
"975",2023-07-04,185,"CP","U","trapnest_62","Mid",1,12,0,0,0,0,0,6,0,0,0,0,0
"976",2023-07-05,186,"CP","U","trapnest_62","Mid",1,12,1,1,0,0,0,6,0,0,0,0,0.0833333333333333
"977",2023-07-07,188,"CP","U","trapnest_62","Mid",2,11,0,0,0,1,1,6,0,0,1,1,0
"978",2023-07-10,191,"CP","U","trapnest_62","Mid",1,11,0,0,0,1,1,6,0,0,1,1,0
"979",2023-07-12,193,"CP","U","trapnest_62","Mid",1,10,0,0,0,1,1,6,0,0,1,1,0
"980",2023-07-04,185,"CP","U","trapnest_63","High",1,7,0,0,0,0,0,11,0,0,0,0,0
"981",2023-07-05,186,"CP","U","trapnest_63","High",1,7,0,0,0,0,0,11,0,0,0,0,0
"982",2023-07-07,188,"CP","U","trapnest_63","High",2,7,0,0,0,0,0,11,0,0,0,0,0
"983",2023-07-10,191,"CP","U","trapnest_63","High",1,7,0,0,0,0,0,11,0,0,0,0,0
"984",2023-07-12,193,"CP","U","trapnest_63","High",1,7,0,0,0,0,0,11,0,0,0,0,0
"985",2023-07-04,185,"CP","V","trapnest_64","Low",1,18,0,0,0,0,0,0,0,0,0,0,0
"986",2023-07-05,186,"CP","V","trapnest_64","Low",1,18,1,1,0,0,0,0,0,0,0,0,0.0555555555555556
"987",2023-07-07,188,"CP","V","trapnest_64","Low",2,16,0,0,0,1,1,0,0,0,1,1,0
"988",2023-07-10,191,"CP","V","trapnest_64","Low",1,16,0,0,0,1,1,0,0,0,1,1,0
"989",2023-07-12,193,"CP","V","trapnest_64","Low",1,15,0,0,0,1,1,0,0,0,1,1,0
"990",2023-07-04,185,"CP","V","trapnest_65","Mid",1,12,0,0,0,0,0,6,0,0,0,0,0
"991",2023-07-05,186,"CP","V","trapnest_65","Mid",1,12,0,0,0,0,0,6,0,0,0,0,0
"992",2023-07-07,188,"CP","V","trapnest_65","Mid",2,12,0,0,0,0,0,6,0,0,0,0,0
"993",2023-07-10,191,"CP","V","trapnest_65","Mid",1,12,0,0,0,0,0,6,0,0,0,0,0
"994",2023-07-12,193,"CP","V","trapnest_65","Mid",1,12,0,0,0,0,0,6,0,0,0,0,0
"995",2023-07-04,185,"CP","V","trapnest_66","High",1,7,0,0,0,0,0,11,0,0,0,0,0
"996",2023-07-05,186,"CP","V","trapnest_66","High",1,6,0,0,0,0,0,10,0,0,0,0,0
"997",2023-07-07,188,"CP","V","trapnest_66","High",2,6,0,0,0,0,0,11,0,0,0,0,0
"998",2023-07-10,191,"CP","V","trapnest_66","High",1,5,0,0,0,0,0,11,0,0,0,0,0
"999",2023-07-12,193,"CP","V","trapnest_66","High",1,6,0,0,0,0,0,11,0,0,0,0,0
"1000",2023-07-04,185,"CP","W","trapnest_67","Low",1,18,0,0,0,0,0,0,0,0,0,0,0
"1001",2023-07-05,186,"CP","W","trapnest_67","Low",1,17,0,0,0,0,0,0,0,0,0,0,0
"1002",2023-07-07,188,"CP","W","trapnest_67","Low",2,16,0,0,0,0,0,0,0,0,0,0,0
"1003",2023-07-10,191,"CP","W","trapnest_67","Low",1,17,0,0,0,0,0,0,0,0,0,0,0
"1004",2023-07-12,193,"CP","W","trapnest_67","Low",1,16,0,0,0,0,0,0,0,0,0,0,0
"1005",2023-07-04,185,"CP","W","trapnest_68","Mid",1,12,0,0,0,0,0,6,0,0,0,0,0
"1006",2023-07-05,186,"CP","W","trapnest_68","Mid",1,12,0,0,0,0,0,6,0,0,0,0,0
"1007",2023-07-07,188,"CP","W","trapnest_68","Mid",2,12,0,0,0,0,0,6,0,0,0,0,0
"1008",2023-07-10,191,"CP","W","trapnest_68","Mid",1,12,0,0,0,0,0,6,0,0,0,0,0
"1009",2023-07-12,193,"CP","W","trapnest_68","Mid",1,12,0,0,0,0,0,6,0,0,0,0,0
"1010",2023-07-04,185,"CP","W","trapnest_69","High",1,7,0,0,0,0,0,11,0,0,0,0,0
"1011",2023-07-05,186,"CP","W","trapnest_69","High",1,7,0,0,0,0,0,11,0,0,0,0,0
"1012",2023-07-07,188,"CP","W","trapnest_69","High",2,7,0,0,0,0,0,11,0,0,0,0,0
"1013",2023-07-10,191,"CP","W","trapnest_69","High",1,7,0,0,0,0,0,11,0,0,0,0,0
"1014",2023-07-12,193,"CP","W","trapnest_69","High",1,7,0,0,0,0,0,11,0,0,0,0,0
"1015",2023-05-11,131,"BP","C","trapnest_7","Low",3,18,0,0,0,0,0,0,0,0,0,0,0
"1016",2023-05-12,132,"BP","C","trapnest_7","Low",1,18,0,0,0,0,0,0,0,0,0,0,0
"1017",2023-05-15,135,"BP","C","trapnest_7","Low",3,18,0,0,0,0,0,0,0,0,0,0,0
"1018",2023-05-16,136,"BP","C","trapnest_7","Low",1,18,0,0,0,0,0,0,0,0,0,0,0
"1019",2023-05-17,137,"BP","C","trapnest_7","Low",1,18,0,0,0,0,0,0,0,0,0,0,0
"1020",2023-05-19,139,"BP","C","trapnest_7","Low",2,18,0,0,0,0,0,0,0,0,0,0,0
"1021",2023-05-21,141,"BP","C","trapnest_7","Low",1,18,0,0,0,0,0,0,0,0,0,0,0
"1022",2023-05-22,142,"BP","C","trapnest_7","Low",1,18,1,1,0,0,0,0,0,0,0,0,0.0555555555555556
"1023",2023-05-23,143,"BP","C","trapnest_7","Low",1,18,1,1,0,0,0,0,0,0,0,0,0.0555555555555556
"1024",2023-05-26,146,"BP","C","trapnest_7","Low",2,18,0,0,0,0,0,0,0,0,0,0,0
"1025",2023-05-28,148,"BP","C","trapnest_7","Low",2,18,0,0,0,0,0,0,0,0,0,0,0
"1026",2023-05-29,149,"BP","C","trapnest_7","Low",1,18,6,5,1,2,2,0,0,0,2,2,0.277777777777778
"1027",2023-05-31,151,"BP","C","trapnest_7","Low",2,17,4,3,1,2,2,0,0,0,2,2,0.176470588235294
"1028",2023-06-02,153,"BP","C","trapnest_7","Low",2,13,1,0,1,4,4,1,1,0,4,4,0
"1029",2023-06-05,156,"BP","C","trapnest_7","Low",1,14,2,0,2,3,3,1.5,1.5,0,3,3,0
"1030",2023-06-08,159,"BP","C","trapnest_7","Low",2,13,1,1,0,2,2,3,3,0,2,2,0.0769230769230769
"1031",2023-06-10,161,"BP","C","trapnest_7","Low",0,14,0,0,0,1,1,3,3,0,1,1,0
"1032",2023-06-12,163,"BP","C","trapnest_7","Low",1,14,0,0,0,1,1,3,3,0,1,1,0
"1033",2023-06-14,165,"BP","C","trapnest_7","Low",0,14,2,1,1,1,1,3,3,0,1,1,0.0714285714285714
"1034",2023-06-16,167,"BP","C","trapnest_7","Low",1,13,0,0,0,1,1,3,3,0,1,1,0
"1035",2023-06-20,171,"BP","C","trapnest_7","Low",3,15,0,0,0,0,0,2,2,0,0,0,0
"1036",2023-06-23,174,"BP","C","trapnest_7","Low",3,15,2,1,1,0,0,2,2,0,0,0,0.0666666666666667
"1037",2023-06-29,180,"BP","C","trapnest_7","Low",1,15,5,0,5,1,1,4,4,0,1,1,0
"1038",2023-07-04,185,"CP","X","trapnest_70","Low",1,18,0,0,0,0,0,0,0,0,0,0,0
"1039",2023-07-05,186,"CP","X","trapnest_70","Low",1,17,0,0,0,0,0,0,0,0,0,0,0
"1040",2023-07-07,188,"CP","X","trapnest_70","Low",2,17,0,0,0,0,0,0,0,0,0,0,0
"1041",2023-07-10,191,"CP","X","trapnest_70","Low",1,17,0,0,0,0,0,0,0,0,0,0,0
"1042",2023-07-12,193,"CP","X","trapnest_70","Low",1,17,0,0,0,0,0,0,0,0,0,0,0
"1043",2023-07-04,185,"CP","X","trapnest_71","Mid",1,12,0,0,0,0,0,6,0,0,0,0,0
"1044",2023-07-05,186,"CP","X","trapnest_71","Mid",1,12,0,0,0,0,0,6,0,0,0,0,0
"1045",2023-07-07,188,"CP","X","trapnest_71","Mid",2,11,0,0,0,0,0,6,0,0,0,0,0
"1046",2023-07-10,191,"CP","X","trapnest_71","Mid",1,12,0,0,0,0,0,5,0,0,0,0,0
"1047",2023-07-12,193,"CP","X","trapnest_71","Mid",1,12,0,0,0,0,0,5,0,0,0,0,0
"1048",2023-07-04,185,"CP","X","trapnest_72","High",1,7,0,0,0,0,0,11,0,0,0,0,0
"1049",2023-07-05,186,"CP","X","trapnest_72","High",1,7,0,0,0,0,0,11,0,0,0,0,0
"1050",2023-07-07,188,"CP","X","trapnest_72","High",2,7,0,0,0,0,0,11,0,0,0,0,0
"1051",2023-07-10,191,"CP","X","trapnest_72","High",1,7,0,0,0,0,0,11,0,0,0,0,0
"1052",2023-07-12,193,"CP","X","trapnest_72","High",1,7,0,0,0,0,0,11,0,0,0,0,0
"1053",2023-05-11,131,"BP","C","trapnest_8","Mid",3,12,0,0,0,6,0,0,0,0,6,0,0
"1054",2023-05-12,132,"BP","C","trapnest_8","Mid",1,12,0,0,0,6,0,0,0,0,6,0,0
"1055",2023-05-15,135,"BP","C","trapnest_8","Mid",3,12,0,0,0,6,0,0,0,0,6,0,0
"1056",2023-05-16,136,"BP","C","trapnest_8","Mid",1,12,0,0,0,6,0,0,0,0,6,0,0
"1057",2023-05-17,137,"BP","C","trapnest_8","Mid",1,12,0,0,0,6,0,0,0,0,6,0,0
"1058",2023-05-19,139,"BP","C","trapnest_8","Mid",2,12,0,0,0,6,0,0,0,0,6,0,0
"1059",2023-05-21,141,"BP","C","trapnest_8","Mid",1,12,0,0,0,6,0,0,0,0,6,0,0
"1060",2023-05-22,142,"BP","C","trapnest_8","Mid",1,12,1,1,0,6,0,0,0,1,6,0,0.0833333333333333
"1061",2023-05-23,143,"BP","C","trapnest_8","Mid",1,13,2,2,0,5.5,0.5,0,0,1,5.5,0.5,0.153846153846154
"1062",2023-05-26,146,"BP","C","trapnest_8","Mid",2,11,1,1,0,7,2,0,0,3,4,-1,0.0909090909090909
"1063",2023-05-28,148,"BP","C","trapnest_8","Mid",2,10,0,0,0,8,3,0,0,3,5,0,0
"1064",2023-05-29,149,"BP","C","trapnest_8","Mid",1,10,1,1,0,8,3,0,0,2,6,1,0.1
"1065",2023-05-31,151,"BP","C","trapnest_8","Mid",2,11,0,0,0,7,4,0,0,0,7,4,0
"1066",2023-06-02,153,"BP","C","trapnest_8","Mid",2,12,0,0,0,6,3,0,0,0,6,3,0
"1067",2023-06-05,156,"BP","C","trapnest_8","Mid",1,11,0,0,0,6,2,0,0,0,6,2,0
"1068",2023-06-08,159,"BP","C","trapnest_8","Mid",2,11,0,0,0,6,2,0,0,0,6,2,0
"1069",2023-06-10,161,"BP","C","trapnest_8","Mid",0,11,0,0,0,6,2,0,0,0,6,2,0
"1070",2023-06-12,163,"BP","C","trapnest_8","Mid",1,11,0,0,0,6,2,0,0,0,6,2,0
"1071",2023-06-14,165,"BP","C","trapnest_8","Mid",0,11,0,0,0,6,2,0,0,0,6,2,0
"1072",2023-06-16,167,"BP","C","trapnest_8","Mid",1,11,0,0,0,6,2,0,0,0,6,2,0
"1073",2023-06-20,171,"BP","C","trapnest_8","Mid",3,11,0,0,0,6,2,0,0,0,6,2,0
"1074",2023-06-23,174,"BP","C","trapnest_8","Mid",3,10,0,0,0,6,2,0,0,0,6,2,0
"1075",2023-06-29,180,"BP","C","trapnest_8","Mid",1,11,2,0,2,6,2,0.5,0.5,0,6,2,0
"1076",2023-05-11,131,"BP","C","trapnest_9","High",3,7,0,0,0,11,0,0,0,0,11,0,0
"1077",2023-05-12,132,"BP","C","trapnest_9","High",1,7,0,0,0,11,0,0,0,0,11,0,0
"1078",2023-05-15,135,"BP","C","trapnest_9","High",3,7,0,0,0,11,0,0,0,0,11,0,0
"1079",2023-05-16,136,"BP","C","trapnest_9","High",1,7,0,0,0,11,0,0,0,0,11,0,0
"1080",2023-05-17,137,"BP","C","trapnest_9","High",1,7,0,0,0,11,0,0,0,0,11,0,0
"1081",2023-05-19,139,"BP","C","trapnest_9","High",2,7,0,0,0,11,0,0,0,0,11,0,0
"1082",2023-05-21,141,"BP","C","trapnest_9","High",1,7,0,0,0,11,0,0,0,0,11,0,0
"1083",2023-05-22,142,"BP","C","trapnest_9","High",1,7,1,1,0,11,0,0,0,1,11,0,0.142857142857143
"1084",2023-05-23,143,"BP","C","trapnest_9","High",1,8,1,1,0,10,0,0,0,1,10,0,0.125
"1085",2023-05-26,146,"BP","C","trapnest_9","High",2,7,0,0,0,11,1,0,0,1,11,1,0
"1086",2023-05-28,148,"BP","C","trapnest_9","High",2,7,0,0,0,11,1,0,0,1,11,1,0
"1087",2023-05-29,149,"BP","C","trapnest_9","High",1,7,1,1,0,11,1,0,0,0,11,1,0.142857142857143
"1088",2023-05-31,151,"BP","C","trapnest_9","High",2,8,1,1,0,10,1,0,0,0,10,1,0.125
"1089",2023-06-02,153,"BP","C","trapnest_9","High",2,7,0,0,0,11,2,0,0,0,11,2,0
"1090",2023-06-05,156,"BP","C","trapnest_9","High",1,7,2,1,1,11,2,0,0,0,11,2,0.142857142857143
"1091",2023-06-08,159,"BP","C","trapnest_9","High",2,7,2,0,2,10,3,1.5,1.5,0,10,3,0
"1092",2023-06-10,161,"BP","C","trapnest_9","High",0,5,0,0,0,10,3,3,3,0,10,3,0
"1093",2023-06-12,163,"BP","C","trapnest_9","High",1,5,0,0,0,10,3,3,3,0,10,3,0
"1094",2023-06-29,180,"BP","C","trapnest_9","High",1,4,0,0,0,10,3,1,1,0,10,3,0
"1095",2023-06-14,165,"BP","C","trapnest_9","High",0,3,0,0,0,10,3,3,3,0,10,3,0
"1096",2023-06-16,167,"BP","C","trapnest_9","High",1,4,0,0,0,11,3,1,1,0,11,3,0
"1097",2023-06-20,171,"BP","C","trapnest_9","High",3,2,1,0,1,11,3,1,1,0,11,3,0
"1098",2023-06-23,174,"BP","C","trapnest_9","High",3,1,0,0,0,10,3,1,1,0,10,3,0
