Site,Subsite,Trapnest,Treatment,Cavity_size,Cavity_number,Straw_ID,Cell_number,Cell_occupant,Living,Date,Comments
BP,A,2,Mid,small,1,a,1,sapyga,yes,2023-05-29,
BP,A,2,Mid,small,1,a,2,sapyga,yes,2023-05-29,
BP,A,2,Mid,small,7,a,1,osmia,yes,2023-05-31,
BP,A,2,Mid,small,9,a,1,unknown larva,no,2023-05-31,
BP,A,2,Mid,small,9,a,2,unknown larva,no,2023-05-31,
BP,A,2,Mid,small,9,a,3,unknown larva,no,2023-05-31,
BP,A,2,Mid,small,9,a,4,unknown larva,no,2023-05-31,
BP,A,2,Mid,small,9,a,5,unknown larva,no,2023-05-31,
BP,A,2,Mid,small,9,a,6,unknown larva,no,2023-05-31,
BP,A,2,Mid,small,9,a,7,unknown larva,no,2023-06-02,
BP,A,2,Mid,small,9,b,1,unknown larva,no,2023-06-14,
BP,A,2,Mid,small,9,b,2,empty,NA,2023-06-16,
BP,A,2,Mid,small,15,b,1,osmia,no,2023-05-31,
BP,A,2,Mid,small,15,b,2,pollen mass,NA,2023-05-31,
BP,A,2,Mid,small,15,b,3,osmia,no,2023-05-31,
BP,A,2,Mid,small,16,b,1,mold,no,2023-05-29,
BP,A,2,Mid,small,16,b,2,sapyga,yes,2023-05-29,
BP,A,2,Mid,small,16,b,3,osmia,unknown,2023-05-29,
BP,A,2,Mid,small,16,b,4,sapyga,yes,2023-05-29,
BP,A,2,Mid,small,18,a,1,unknown larva,no,2023-05-15,
BP,A,2,Mid,small,18,a,2,pollen mass,NA,2023-05-15,
BP,A,2,Mid,small,18,a,3,pollen mass,NA,2023-05-15,
BP,A,2,Mid,small,18,a,4,pollen mass,NA,2023-05-15,
BP,A,2,Mid,small,18,a,5,pollen mass,NA,2023-05-15,
BP,A,2,Mid,small,18,a,6,pollen mass,NA,2023-05-22,
BP,A,2,Mid,small,18,a,7,osmia,no,2023-05-22,
BP,A,2,Mid,small,18,a,8,unknown larva,no,2023-05-22,
BP,A,2,Mid,small,18,a,9,unknown larva,no,2023-05-23,
BP,A,2,Mid,small,18,a,10,unknown larva,no,2023-05-26,
BP,A,2,Mid,small,18,a,11,unknown larva,no,2023-05-26,
BP,A,3,High,small,2,a,1,unknown larva,no,2023-05-31,
BP,A,3,High,small,2,a,2,unknown larva,no,2023-05-31,
BP,A,3,High,small,2,a,3,pollen mass,no,2023-06-02,mold present
BP,A,3,High,small,2,a,4,unknown larva,no,2023-06-02,mold present
BP,A,3,High,small,2,a,5,unknown larva,no,2023-06-02,mold present
BP,A,3,High,small,9,b,1,pollen mass,NA,2023-06-16,
BP,A,3,High,small,9,b,2,pollen mass,NA,2023-06-23,
BP,A,3,High,small,9,b,3,pollen mass,NA,2023-06-23,mold present
BP,A,3,High,small,9,b,4,pollen mass,NA,2023-06-23,mold present
BP,A,3,High,small,9,b,5,unknown larva,no,2023-06-29,mold present
BP,A,3,High,small,9,b,6,unknown larva,no,2023-06-29,mold present
BP,A,3,High,small,9,b,7,pollen mass,NA,2023-06-29,
BP,A,3,High,small,9,b,8,pollen mass,NA,2023-06-29,
BP,A,3,High,small,9,b,9,pollen mass,NA,2023-06-29,mold present
BP,A,3,High,small,9,b,10,unknown larva,NA,2023-06-29,mold present
BP,A,3,High,small,11,b,1,osmia,yes,2023-06-02,mold present
BP,A,3,High,small,11,b,2,sapyga,yes,2023-06-02,mold present
BP,A,3,High,small,14,a,1,sapyga,yes,2023-05-26,mold present
BP,A,3,High,small,14,a,2,osmia,yes,2023-05-26,mold present
BP,A,3,High,small,16,b,1,empty,NA,2023-06-02,mold present
BP,A,3,High,small,18,a,1,mold,NA,2023-05-23,mold present
BP,A,3,High,small,18,a,2,unknown larva,no,2023-05-26,mold present
BP,A,3,High,small,18,a,3,unknown larva,no,2023-05-26,mold present
BP,A,3,High,small,18,a,4,unknown larva,no,2023-05-26,mold present
BP,A,3,High,small,18,a,5,pollen mass,NA,2023-05-29,
BP,A,3,High,small,18,a,6,unknown larva,no,2023-05-29,
BP,A,3,High,small,18,a,7,unknown larva,no,2023-05-29,
BP,A,3,High,small,18,a,8,unknown larva,no,2023-05-29,
BP,B,4,Low,small,8,a,1,unknown larva,no,2023-06-23,
BP,B,4,Low,small,8,a,2,pollen mass,NA,2023-06-23,
BP,B,4,Low,small,8,a,3,pollen mass,NA,2023-06-23,
BP,B,4,Low,small,8,a,4,pollen mass,NA,2023-06-23,
BP,B,4,Low,small,8,a,5,pollen mass,NA,2023-06-29,
BP,B,4,Low,small,8,a,6,pollen mass,NA,2023-06-29,
BP,B,4,Low,small,8,a,7,pollen mass,NA,2023-06-29,
BP,B,4,Low,small,8,a,8,pollen mass,NA,2023-06-29,
BP,B,5,Mid,small,18,a,1,sapyga,yes,2023-06-02,
BP,B,5,Mid,small,18,a,2,osmia,yes,2023-06-02,
BP,B,5,Mid,small,18,a,3,osmia,yes,2023-06-02,
BP,B,6,High,small,5,b,1,unknown larva,no,2023-06-05,
BP,B,6,High,small,5,b,2,unknown larva,no,2023-06-16,
BP,B,6,High,small,10,a,1,unknown larva,no,2023-05-31,
BP,B,6,High,small,10,a,2,mold,Na,2023-05-31,
BP,B,6,High,small,10,a,3,mold,NA,2023-05-31,
BP,B,6,High,small,10,a,4,mold,NA,2023-05-31,
BP,B,6,High,small,10,a,5,mold,NA,2023-05-31,
BP,B,6,High,small,13,b,1,unknown larva,yes,2023-06-23,
BP,B,6,High,small,13,b,2,pollen mass,NA,2023-06-23,
BP,B,6,High,small,13,b,3,unknown larva,unknown,2023-06-29,
BP,B,6,High,small,13,b,4,unknown larva,yes,2023-06-29,
BP,B,6,High,small,13,b,5,unknown larva,yes,2023-06-29,
BP,B,6,High,small,13,b,6,empty,NA,2023-06-29,
BP,B,6,High,small,14,a,1,pollen mass,NA,2023-05-31,
BP,B,6,High,small,14,a,2,unknown larva,no,2023-06-05,
BP,B,6,High,small,14,a,3,pollen mass,NA,2023-06-08,
BP,B,6,High,small,15,a,1,osmia,yes,2023-05-31,
BP,B,6,High,small,15,a,2,osmia,yes,2023-06-02,
BP,B,6,High,small,15,a,3,osmia,yes,2023-06-02,
BP,B,6,High,small,15,a,4,sapyga,yes,2023-06-02,
BP,B,6,High,small,15,a,5,osmia,yes,2023-06-02,
BP,B,6,High,small,15,a,6,osmia,yes,2023-06-02,
BP,B,6,High,small,15,a,7,sapyga,yes,2023-06-02,
BP,B,6,High,small,15,a,8,sapyga,yes,2023-06-05,
BP,B,6,High,small,15,a,9,osmia,yes,2023-06-05,mold present 
BP,B,6,High,small,15,a,10,sapyga,yes,2023-06-05,
BP,B,6,High,small,15,a,11,sapyga,yes,2023-06-05,
BP,B,6,High,small,15,a,12,pollen mass,NA,2023-06-05,
BP,C,7,Low,small,2,a,1,osmia,yes,2023-05-29,
BP,C,7,Low,small,2,a,2,osmia,yes,2023-05-29,
BP,C,7,Low,small,2,a,3,pollen mass,NA,2023-05-29,
BP,C,7,Low,small,2,a,4,pollen mass,NA,2023-05-29,
BP,C,7,Low,small,3,a,1,unknown larva,no,2023-05-22,
BP,C,7,Low,small,3,a,2,unknown larva,no,2023-05-23,
BP,C,7,Low,small,3,b,1,pollen mass,NA,2023-05-31,
BP,C,7,Low,small,3,b,2,pollen mass,NA,2023-05-31,
BP,C,7,Low,small,3,b,3,pollen mass,NA,2023-05-31,
BP,C,7,Low,small,3,b,4,pollen mass,NA,2023-06-02,
BP,C,7,Low,small,3,b,5,osmia,yes,2023-06-02,
BP,C,7,Low,small,3,b,6,osmia,yes,2023-06-02,
BP,C,7,Low,small,3,b,7,osmia,yes,2023-06-05,
BP,C,7,Low,small,3,b,8,osmia,yes,2023-06-05,
BP,C,7,Low,small,3,b,9,pollen mass,NA,2023-06-05,
BP,C,7,Low,small,3,c,1,empty,NA,2023-06-14,
BP,C,7,Low,small,9,a,1,osmia,yes,2023-06-23,
BP,C,7,Low,small,9,a,2,osmia,yes,2023-06-23,
BP,C,7,Low,small,9,a,3,empty,NA,2023-06-23,
BP,C,7,Low,small,12,a,1,pollen mass,NA,2023-05-29,
BP,C,7,Low,small,14,a,1,pollen mass,NA,2023-05-29,
BP,C,7,Low,small,14,a,2,pollen mass,NA,2023-05-29,
BP,C,7,Low,small,14,a,3,pollen mass,NA,2023-05-31,
BP,C,7,Low,small,14,a,4,pollen mass,NA,2023-05-31,
BP,C,7,Low,small,14,a,5,osmia,yes,2023-05-31,
BP,C,7,Low,small,14,a,6,pollen mass,NA,2023-05-31,
BP,C,7,Low,small,14,a,7,pollen mass,NA,2023-05-31,
BP,C,7,Low,small,14,a,8,osmia,no,2023-05-31,
BP,C,7,Low,small,14,a,9,pollen mass,NA,2023-06-02,
BP,C,7,Low,small,14,a,10,pollen mass,NA,2023-06-02,
BP,C,7,Low,small,14,a,11,pollen mass,NA,2023-06-02,
BP,C,7,Low,small,14,a,12,pollen mass,NA,2023-06-02,
BP,C,7,Low,small,14,a,13,pollen mass,NA,2023-06-02,
BP,C,7,Low,small,14,a,14,pollen mass,NA,2023-06-05,
BP,C,7,Low,small,14,a,15,pollen mass,NA,2023-06-05,
BP,C,7,Low,small,14,a,16,pollen mass,NA,2023-06-05,
BP,C,7,Low,small,14,a,17,pollen mass,NA,2023-06-05,
BP,C,7,Low,small,14,a,18,pollen mass,NA,2023-06-05,
BP,C,7,Low,small,14,a,19,pollen mass,NA,2023-06-05,
BP,C,7,Low,small,15,a,1,unknown larva,no,2023-05-29,
BP,C,7,Low,small,15,a,2,unknown larva,no,2023-05-29,
BP,C,7,Low,small,15,a,3,unknown larva,no,2023-05-29,
BP,C,7,Low,small,15,a,4,unknown larva,no,2023-05-29,
BP,C,7,Low,small,15,a,5,unknown larva,no,2023-05-31,
BP,C,7,Low,small,15,a,6,unknown larva,no,2023-05-31,
BP,C,7,Low,small,15,a,7,unknown larva,no,2023-05-31,
BP,C,7,Low,small,15,a,8,unknown larva,no,2023-05-31,
BP,C,7,Low,small,15,a,9,unknown larva,no,2023-05-31,
BP,C,7,Low,small,15,a,10,unknown larva,no,2023-06-02,
BP,C,7,Low,small,15,a,11,pollen mass,NA,2023-06-02,
BP,C,7,Low,small,15,a,12,pollen mass,NA,2023-06-02,
BP,C,7,Low,small,15,a,13,pollen mass,NA,2023-06-02,
BP,C,7,Low,small,15,a,14,pollen mass,NA,2023-06-02,
BP,C,7,Low,small,17,a,1,sapyga,yes,2023-05-29,
BP,C,7,Low,small,17,a,2,osmia,yes,2023-05-29,
BP,C,7,Low,small,17,a,3,osmia,yes,2023-05-29,
BP,C,7,Low,small,17,a,4,osmia,yes,2023-05-29,
BP,C,7,Low,small,17,a,5,osmia,yes,2023-05-29,
BP,C,8,Mid,small,2,a,1,pollen mass,NA,2023-05-29,
BP,C,8,Mid,small,2,a,2,pollen mass,NA,2023-05-29,
BP,C,8,Mid,small,3,a,1,sapyga,yes,2023-05-22,
BP,C,8,Mid,small,3,a,2,sapyga,yes,2023-05-22,
BP,C,8,Mid,small,3,a,3,sapyga,yes,2023-05-22,
BP,C,8,Mid,small,3,a,4,sapyga,yes,2023-05-23,
BP,C,8,Mid,small,3,a,5,osmia,yes,2023-05-23,
BP,C,8,Mid,small,3,a,6,unknown larva,no,2023-05-23,
BP,C,8,Mid,small,12,a,1,unknown larva,no,2023-05-26,
BP,C,8,Mid,small,12,a,2,unknown larva,no,2023-05-26,
BP,C,8,Mid,small,12,a,3,unknown larva,no,2023-05-26,
BP,C,8,Mid,small,12,a,4,pollen mass,NA,2023-05-26,
BP,C,8,Mid,small,12,a,5,pollen mass,NA,2023-05-26,
BP,C,8,Mid,small,12,a,6,sapyga,no,2023-05-26,
BP,C,8,Mid,small,12,a,7,pollen mass,NA,2023-05-29,
BP,C,8,Mid,small,12,a,8,osmia,no,2023-05-29,
BP,C,8,Mid,small,12,a,9,pollen mass,NA,2023-05-29,
BP,C,8,Mid,small,12,a,10,osmia,unknown,2023-05-31,
BP,C,8,Mid,small,12,a,11,osmia,unknown,2023-05-31,
BP,C,8,Mid,small,16,a,1,osmia,no,2023-05-26,
BP,C,8,Mid,small,16,a,2,sapyga,no,2023-05-26,
BP,C,8,Mid,small,16,a,3,unknown larva,no,2023-05-26,
BP,C,8,Mid,small,16,a,4,osmia,yes,2023-05-26,
BP,C,8,Mid,small,16,a,5,osmia,yes,2023-05-29,*says may 29 in cell
BP,C,8,Mid,small,16,a,6,osmia,yes,2023-05-29,
BP,C,8,Mid,small,16,a,7,osmia,yes,2023-05-29,
BP,C,9,High,small,5,a,1,pollen mass,NA,2023-06-05,
BP,C,9,High,small,5,a,2,unknown larva,no,2023-06-05,potentially sapyga- unknown due to moldl 
BP,C,9,High,small,5,a,3,unknown larva,no,2023-06-05,
BP,C,9,High,small,5,a,4,pollen mass,NA,2023-06-05,
BP,C,9,High,small,5,a,5,pollen mass,NA,2023-06-05,
BP,C,9,High,small,5,a,6,pollen mass,NA,2023-06-05,
BP,C,9,High,small,5,a,7,pollen mass,NA,2023-06-05,
BP,C,9,High,small,5,a,8,unknown larva,no,2023-06-05,
BP,C,9,High,small,5,a,9,pollen mass,NA,2023-06-08,
BP,C,9,High,small,5,a,10,pollen mass,NA,2023-06-14,
BP,C,9,High,small,5,a,11,unknown larva,no,2023-06-14,
BP,C,9,High,small,5,a,12,empty,NA,2023-06-14,
BP,C,9,High,small,8,a,1,sapyga,yes,2023-05-22,just end cap
BP,C,9,High,small,8,a,2,osmia,yes,2023-05-22,
BP,C,9,High,small,8,a,3,osmia,yes,2023-05-23,
BP,C,9,High,small,8,a,4,osmia,unknown,2023-05-23,
BP,C,9,High,small,8,a,5,osmia,unknown,2023-05-26,
BP,C,9,High,small,8,a,6,osmia,yes,2023-05-26,
BP,C,9,High,small,8,a,7,mold,NA,2023-05-26,
BP,C,9,High,small,8,a,8,osmia,yes,2023-05-26,
BP,C,9,High,small,8,a,9,sapyga,yes,2023-05-29,
BP,C,9,High,small,9,b,1,pollen mass,NA,2023-05-31,
BP,C,9,High,small,9,b,2,pollen mass,NA,2023-05-31,
BP,C,9,High,small,9,b,3,unknown larva,no,2023-05-31,
BP,C,9,High,small,9,b,4,unknown larva,no,2023-05-31,
BP,C,9,High,small,9,b,5,unknown larva,no,2023-05-31,
BP,C,9,High,small,9,b,6,unknown larva,no,2023-06-02,
BP,C,9,High,small,9,b,7,unknown larva,no,2023-06-02,
BP,C,9,High,small,9,b,8,unknown larva,no,2023-06-02,
BP,C,9,High,small,9,b,9,unknown larva,no,2023-06-02,
BP,C,9,High,small,9,b,10,pollen mass,NA,2023-06-02,
BP,C,9,High,small,9,b,11,pollen mass,NA,2023-06-02,
BP,C,9,High,small,9,b,12,pollen mass,NA,2023-06-02,
BP,C,9,High,small,9,b,13,pollen mass,NA,2023-06-05,
BP,C,9,High,small,9,b,14,pollen mass,NA,2023-06-05,
BP,C,9,High,small,9,b,15,pollen mass,NA,2023-06-05,
BP,D,12,High,small,5,a,1,osmia,yes,2023-05-15,
BP,D,12,High,small,5,a,2,unknown larva,no,2023-05-15,
BP,D,12,High,small,5,a,3,unknown larva,no,2023-05-17,
BP,D,12,High,small,5,a,4,unknown larva,no,2023-05-19,
BP,D,12,High,small,5,a,5,unknown larva,no,2023-05-22,
BP,D,12,High,small,5,a,6,unknown larva,no,2023-05-22,
BP,D,12,High,small,5,a,7,unknown larva,no,2023-05-22,
BP,D,12,High,small,5,a,8,unknown larva,no,2023-05-23,
BP,D,12,High,small,5,a,9,unknown larva,no,2023-05-23,
BP,D,12,High,small,5,a,10,pollen mass,NA,2023-05-26,
BP,D,12,High,small,5,a,11,osmia,no,2023-05-26,
BP,D,12,High,small,5,a,12,osmia,unknown,2023-05-26,
BP,D,12,High,small,5,a,13,osmia,yes,2023-05-26,
BP,D,12,High,small,5,a,14,osmia,yes,2023-05-29,
BP,D,12,High,small,6,b,1,mold,NA,2023-05-29,
BP,D,12,High,small,6,b,2,mold,NA,2023-05-29,
BP,D,12,High,small,6,b,3,mold,NA,2023-05-29,
BP,D,12,High,small,6,b,4,mold,NA,2023-05-29,
BP,D,12,High,small,6,b,5,mold,NA,2023-05-29,
BP,D,12,High,small,6,b,6,unknown larva,no,2023-05-29,
BP,D,12,High,small,6,b,7,mold,NA,2023-05-29,
BP,D,12,High,small,6,b,8,mold,NA,2023-05-29,
BP,D,12,High,small,6,b,9,unknown larva,no,2023-05-29,
BP,D,12,High,small,6,b,10,unknown larva,no,2023-05-31,
BP,D,12,High,small,6,b,11,mold,NA,2023-05-31,
BP,D,12,High,small,6,b,12,mold,NA,2023-05-31,
BP,D,12,High,small,6,b,13,mold,NA,2023-05-31,
BP,D,12,High,small,6,b,14,mold,NA,2023-05-31,
BP,D,12,High,small,6,b,15,mold,NA,2023-05-31,
BP,D,12,High,small,6,c,1,sapyga,yes,2023-06-20,
BP,D,12,High,small,6,c,2,sapyga,yes,2023-06-23,
BP,D,12,High,small,6,c,3,sapyga,yes,2023-06-23,
BP,D,12,High,small,6,c,4,sapyga,yes,2023-06-23,
BP,D,12,High,small,6,c,5,sapyga,yes,2023-06-23,
BP,D,12,High,small,6,c,6,osmia,yes,2023-06-23,
BP,D,12,High,small,6,c,7,osmia,yes,2023-06-23,
BP,D,12,High,small,9,b,1,osmia,unknown,2023-06-14,
BP,D,12,High,small,9,b,2,sapyga,yes,2023-06-14,
BP,D,12,High,small,9,b,3,osmia,yes,2023-06-16,
BP,D,12,High,small,11,b,1,unknown larva,no,2023-06-08,
BP,D,12,High,small,11,b,2,unknown larva,no,2023-06-14,
BP,D,12,High,small,11,b,3,unknown larva,no,2023-06-14,
BP,D,12,High,small,11,b,4,unknown larva,no,2023-06-14,
BP,D,12,High,small,11,b,5,unknown larva,no,2023-06-16,
BP,D,12,High,small,11,b,6,mold,NA,2023-06-20,
BP,D,12,High,small,11,b,7,mold,NA,2023-06-20,
BP,D,12,High,small,12,b,1,sapyga,yes,2023-06-02,
BP,D,12,High,small,12,b,2,sapyga,yes,2023-06-02,
BP,D,12,High,small,12,b,3,osmia,yes,2023-06-05,
BP,D,12,High,small,12,b,4,sapyga,yes,2023-06-05,
BP,D,12,High,small,12,b,5,sapyga,yes,2023-06-05,
BP,D,12,High,small,12,b,6,sapyga,yes,2023-06-05,
BP,D,12,High,small,15,a,1,mold,NA,2023-05-29,
BP,D,12,High,small,15,a,2,sapyga,yes,2023-05-29,
BP,D,12,High,small,15,a,3,mold,NA,2023-05-29,
BP,D,12,High,small,15,a,4,mold,NA,2023-05-29,
BP,D,12,High,small,15,a,5,pollen mass,NA,2023-05-29,
BP,D,12,High,small,15,a,6,mold,NA,2023-05-29,
BP,D,12,High,small,15,a,7,mold,NA,2023-05-29,
BP,D,12,High,small,15,a,8,mold,NA,2023-05-31,
BP,D,12,High,small,15,a,9,mold,NA,2023-05-31,
BP,D,12,High,small,15,a,10,osmia,yes,2023-05-31,
BP,D,12,High,small,15,a,11,osmia,yes,2023-05-31,
BP,D,12,High,small,15,a,12,osmia,yes,2023-06-05,
BP,D,12,High,small,15,a,13,sapyga,yes,2023-06-05,
BP,D,12,High,small,16,a,1,empty,NA,2023-06-29,
BP,D,12,High,small,18,a,1,unknown larva,no,2023-06-02,
BP,D,12,High,small,18,a,2,unknown larva,no,2023-06-02,
BP,D,12,High,small,18,a,3,unknown larva,no,2023-06-02,
BP,D,12,High,small,18,a,4,unknown larva,no,2023-06-02,
BP,D,12,High,small,18,a,5,unknown larva,no,2023-06-02,
BP,D,12,High,small,18,a,6,pollen mass,NA,2023-06-05,
BP,D,12,High,small,18,a,7,unknown larva,no,2023-06-05,
BP,D,12,High,small,18,a,8,unknown larva,no,2023-06-05,
BP,D,12,High,small,18,a,9,unknown larva,no,2023-06-05,
BP,D,12,High,small,18,a,10,unknown larva,no,2023-06-05,
BP,D,12,High,small,18,a,11,pollen mass,NA,2023-06-05,
BP,D,12,High,small,18,a,12,pollen mass,NA,2023-06-05,
BP,D,12,High,small,18,a,13,pollen mass,NA,2023-06-14,
BP,E,13,Low,small,2,a,1,osmia,no,2023-05-23,
BP,E,13,Low,small,2,a,2,osmia,no,2023-05-23,
BP,E,13,Low,small,2,a,3,osmia,no,2023-05-26,
BP,E,13,Low,small,2,a,4,pollen mass,NA,2023-05-26,
BP,E,13,Low,small,2,a,5,osmia,no,2023-05-26,
BP,E,13,Low,small,2,a,6,osmia,no,2023-05-26,
BP,E,13,Low,small,2,a,7,pollen mass,NA,2023-05-26,
BP,E,13,Low,small,2,a,8,pollen mass,NA,2023-05-29,
BP,E,13,Low,small,2,a,9,pollen mass,NA,2023-05-29,
BP,E,13,Low,small,2,a,10,pollen mass,NA,2023-05-29,
BP,E,13,Low,small,2,a,11,pollen mass,NA,2023-05-29,
BP,E,13,Low,small,2,a,12,pollen mass,NA,2023-05-29,
BP,E,13,Low,small,2,b,1,mold,NA,2023-05-31,
BP,E,13,Low,small,2,b,2,osmia,yes,2023-05-31,
BP,E,13,Low,small,2,b,3,mold,NA,2023-05-31,
BP,E,13,Low,small,2,b,4,mold,NA,2023-06-02,
BP,E,13,Low,small,4,a,1,unknown larva,no,2023-05-29,
BP,E,13,Low,small,4,a,2,unknown larva,no,2023-05-29,
BP,E,13,Low,small,4,a,3,unknown larva,no,2023-05-29,
BP,E,13,Low,small,4,a,4,empty,NA,2023-05-29,
BP,E,13,Low,small,4,a,5,unknown larva,no,2023-05-29,
BP,E,13,Low,small,4,a,6,unknown larva,no,2023-05-29,
BP,E,13,Low,small,4,a,7,unknown larva,no,2023-05-31,
BP,E,13,Low,small,4,a,8,unknown larva,no,2023-05-31,
BP,E,13,Low,small,4,b,1,sapyga,yes,2023-06-02,
BP,E,13,Low,small,4,b,2,osmia,yes,2023-06-02,
BP,E,13,Low,small,4,b,3,osmia,yes,2023-06-02,
BP,E,13,Low,small,4,b,4,osmia,yes,2023-06-02,
BP,E,13,Low,small,5,a,1,sapyga,yes,2023-06-16,
BP,E,13,Low,small,7,a,1,osmia,no,2023-05-29,
BP,E,13,Low,small,7,a,2,osmia,no,2023-05-29,
BP,E,13,Low,small,7,a,3,osmia,no,2023-05-29,
BP,E,13,Low,small,7,a,4,osmia,no,2023-05-29,
BP,E,13,Low,small,7,a,5,pollen mass,NA,2023-05-29,
BP,E,13,Low,small,7,a,6,osmia,no,2023-05-29,
BP,E,13,Low,small,7,a,7,osmia,no,2023-05-29,
BP,E,13,Low,small,7,a,8,osmia,no,2023-05-29,
BP,E,13,Low,small,7,a,9,osmia,no,2023-05-29,
BP,E,13,Low,small,7,a,10,osmia,no,2023-05-31,
BP,E,13,Low,small,7,a,11,osmia,no,2023-05-31,
BP,E,13,Low,small,7,a,12,osmia,no,2023-05-31,
BP,E,13,Low,small,7,a,13,pollen mass,NA,2023-05-31,
BP,E,13,Low,small,7,a,14,pollen mass,NA,2023-05-31,
BP,E,13,Low,small,7,a,15,pollen mass,NA,2023-05-31,
BP,E,13,Low,small,7,a,16,pollen mass,NA,2023-05-31,
BP,E,13,Low,small,7,a,17,pollen mass,NA,2023-06-02,
BP,E,13,Low,small,7,a,18,pollen mass,NA,2023-06-02,
BP,E,13,Low,small,7,a,19,pollen mass,NA,2023-06-02,
BP,E,13,Low,small,7,b,1,unknown larva,no,2023-06-05,
BP,E,13,Low,small,7,b,2,unknown larva,no,2023-06-05,
BP,E,13,Low,small,7,b,3,unknown larva,no,2023-06-05,
BP,E,13,Low,small,7,b,4,pollen mass,NA,2023-06-05,
BP,E,13,Low,small,8,a,1,pollen mass,NA,2023-06-02,
BP,E,13,Low,small,8,a,2,osmia,yes,2023-06-02,
BP,E,13,Low,small,8,a,3,pollen mass,NA,2023-06-02,
BP,E,13,Low,small,8,a,4,sapyga,yes,2023-06-05,
BP,E,13,Low,small,11,a,1,osmia,yes,2023-06-05,
BP,E,13,Low,small,11,a,2,sapyga,yes,2023-06-05,
BP,E,13,Low,small,11,a,3,sapyga,yes,2023-06-05,
BP,E,13,Low,small,11,a,4,sapyga,yes,2023-06-09,
BP,E,13,Low,small,12,a,1,osmia,unknown,2023-05-29,
BP,E,13,Low,small,12,a,2,osmia,unknown,2023-05-29,
BP,E,13,Low,small,12,a,3,sapyga,yes,2023-05-31,
BP,E,13,Low,small,12,a,4,pollen mass,NA,2023-05-31,
BP,E,13,Low,small,12,a,5,osmia,unknown,2023-05-31,
BP,E,13,Low,small,12,a,6,pollen mass,NA,2023-05-31,
BP,E,13,Low,small,12,a,7,pollen mass,NA,2023-06-02,
BP,E,13,Low,small,12,a,8,pollen mass,NA,2023-06-02,
BP,E,13,Low,small,12,a,9,pollen mass,NA,2023-06-02,
BP,E,13,Low,small,12,a,10,pollen mass,NA,2023-06-02,
BP,E,13,Low,small,12,a,11,pollen mass,NA,2023-06-02,
BP,E,13,Low,small,12,a,12,pollen mass,NA,2023-06-05,
BP,E,13,Low,small,14,a,1,sapyga,yes,2023-06-14,
BP,E,13,Low,small,14,a,2,sapyga,yes,2023-06-14,
BP,E,13,Low,small,16,a,1,osmia,yes,2023-06-14,
BP,E,13,Low,small,16,a,2,osmia,yes,2023-06-14,
BP,E,13,Low,small,18,a,1,sapyga,yes,2023-06-14,
BP,E,13,Low,small,18,a,2,sapyga,yes,2023-06-14,
BP,E,13,Low,small,18,a,3,sapyga,yes,2023-06-16,
BP,E,13,Low,small,18,a,4,empty,NA,2023-06-20,
BP,E,14,Mid,small,10,a,1,mold,NA,2023-05-31,
BP,E,14,Mid,small,10,a,2,mold,NA,2023-05-31,
BP,E,14,Mid,small,10,a,3,osmia,yes,2023-05-31,
BP,E,14,Mid,small,10,b,1,unknown larva,no,2023-06-05,
BP,E,14,Mid,small,10,b,2,unknown larva,no,2023-06-05,
BP,E,14,Mid,small,10,b,3,pollen mass,NA,2023-06-05,
BP,E,14,Mid,small,10,b,4,unknown larva,no,2023-06-05,
BP,E,14,Mid,small,10,b,5,unknown larva,no,2023-06-05,
BP,E,14,Mid,small,10,b,6,unknown larva,no,2023-06-05,
BP,E,14,Mid,small,12,a,1,pollen mass,NA,2023-05-29,
BP,E,14,Mid,small,12,a,2,unknown larva,no,2023-05-29,
BP,E,14,Mid,small,12,a,3,unknown larva,no,2023-05-29,
BP,E,14,Mid,small,12,a,4,pollen mass,NA,2023-05-29,
BP,E,14,Mid,small,12,a,5,sapyga,no,2023-05-29,
BP,E,14,Mid,small,12,a,6,sapyga,unknown,2023-05-29,
BP,E,14,Mid,small,12,a,7,unknown larva,no,2023-05-29,
BP,E,14,Mid,small,12,a,8,unknown larva,no,2023-05-31,
BP,E,14,Mid,small,16,a,1,pollen mass,no,2023-05-31,
BP,E,14,Mid,small,16,a,2,unknown larva,no,2023-05-31,
BP,E,14,Mid,small,16,a,3,unknown larva,no,2023-06-02,
BP,E,14,Mid,small,16,a,4,unknown larva,no,2023-06-02,
BP,E,14,Mid,small,16,a,5,unknown larva,no,2023-06-02,
BP,E,14,Mid,small,16,a,6,unknown larva,no,2023-06-02,
BP,E,14,Mid,small,16,a,7,unknown larva,no,2023-06-02,
BP,E,14,Mid,small,16,a,8,unknown larva,no,2023-06-02,
BP,E,14,Mid,small,16,a,9,unknown larva,no,2023-06-02,
BP,E,15,High,small,4,a,1,sapyga,yes,2023-05-17,
BP,E,15,High,small,6,b,1,pollen mass,NA,2023-05-22,
BP,F,16,Low,small,1,a,1,pollen mass,NA,2023-05-31,
BP,F,16,Low,small,3,b,1,unknown larva,no,2023-05-29,
BP,F,16,Low,small,3,b,2,unknown larva,no,2023-05-29,
BP,F,16,Low,small,3,b,3,unknown larva,no,2023-05-29,
BP,F,16,Low,small,5,a,1,unknown larva,no,2023-05-12,
BP,F,16,Low,small,5,a,2,unknown larva,no,2023-05-15,
BP,F,16,Low,small,5,a,3,unknown larva,no,2023-05-15,
BP,F,16,Low,small,5,a,4,pollen mass,no,2023-05-15,
BP,F,16,Low,small,5,a,5,unknown larva,no,2023-05-15,
BP,F,16,Low,small,5,a,6,unknown larva,no,2023-05-15,
BP,F,16,Low,small,5,a,7,unknown larva,no,2023-05-17,
BP,F,16,Low,small,5,a,8,unknown larva,no,2023-05-19,
BP,F,16,Low,small,5,a,9,pollen mass,NA,2023-05-22,
BP,F,16,Low,small,5,a,10,unknown larva,no,2023-05-22,
BP,F,16,Low,small,5,b,1,osmia,unknown,2023-05-23,
BP,F,16,Low,small,5,b,2,osmia,no,2023-05-23,
BP,F,16,Low,small,5,b,3,osmia,yes,2023-05-26,
BP,F,16,Low,small,5,b,4,osmia,yes,2023-05-26,
BP,F,16,Low,small,5,b,5,osmia,no,2023-05-26,
BP,F,16,Low,small,5,b,6,osmia,yes,2023-05-26,
BP,F,16,Low,small,5,b,7,osmia,no,2023-05-29,
BP,F,16,Low,small,5,b,8,pollen mass,NA,2023-05-29,
BP,F,16,Low,small,5,c,1,sapyga,yes,2023-06-02,
BP,F,16,Low,small,5,c,2,osmia,yes,2023-06-02,
BP,F,16,Low,small,5,c,3,empty,NA,2023-06-02,
BP,F,16,Low,small,6,a,1,unknown larva,no,2023-05-29,
BP,F,16,Low,small,6,a,2,osmia,no,2023-05-29,
BP,F,16,Low,small,6,a,3,osmia,no,2023-05-29,
BP,F,16,Low,small,6,b,1,osmia,yes,2023-05-31,
BP,F,16,Low,small,8,a,1,sapyga,yes,2023-05-15,
BP,F,16,Low,small,8,a,2,sapyga,yes,2023-05-17,
BP,F,16,Low,small,8,b,1,pollen mass,NA,2023-05-31,
BP,F,16,Low,small,8,b,2,unknown larva,no,2023-05-31,
BP,F,16,Low,small,8,b,3,pollen mass,NA,2023-06-02,
BP,F,16,Low,small,11,a,1,sapyga,yes,2023-06-02,
BP,F,16,Low,small,11,a,2,sapyga,yes,2023-06-02,
BP,F,16,Low,small,11,a,3,sapyga,yes,2023-06-02,
BP,F,16,Low,small,11,a,4,sapyga,yes,2023-06-02,
BP,F,16,Low,small,11,a,5,sapyga,yes,2023-06-02,
BP,F,16,Low,small,11,a,6,osmia,yes,2023-06-02,
BP,F,16,Low,small,14,a,1,unknown larva,no,2023-05-29,
BP,F,16,Low,small,14,a,2,osmia,unknown,2023-05-29,
BP,F,16,Low,small,14,a,3,unknown larva,no,2023-05-31,
BP,F,16,Low,small,14,a,4,unknown larva,no,2023-05-31,
BP,F,16,Low,small,14,a,5,unknown larva,no,2023-05-31,
BP,F,16,Low,small,14,a,6,unknown larva,no,2023-05-31,
BP,F,16,Low,small,14,a,7,unknown larva,no,2023-05-31,
BP,F,17,Mid,small,7,a,1,empty,NA,2023-06-14,
BP,F,17,Mid,small,9,a,1,sapyga,yes,2023-06-05,
BP,F,17,Mid,small,9,a,2,sapyga,yes,2023-06-05,
BP,F,17,Mid,small,9,a,3,sapyga,yes,2023-06-05,
BP,F,17,Mid,small,9,a,4,sapyga,yes,2023-06-05,
BP,F,17,Mid,small,9,a,5,osmia,yes,2023-06-05,
BP,F,17,Mid,small,9,a,6,osmia,yes,2023-06-05,
BP,F,17,Mid,small,9,a,7,osmia,yes,2023-06-05,
BP,F,17,Mid,small,9,a,8,sapyga,yes,2023-06-05,
BP,F,17,Mid,small,9,a,9,osmia,yes,2023-06-05,
BP,F,17,Mid,small,9,a,10,sapyga,yes,2023-06-05,
BP,F,17,Mid,small,9,a,11,osmia,yes,2023-06-09,
BP,F,17,Mid,small,9,a,12,sapyga,yes,2023-06-14,
BP,F,17,Mid,small,13,b,1,sapyga,yes,2023-06-23,
BP,F,17,Mid,small,13,b,2,pollen mass,NA,2023-06-23,
BP,F,17,Mid,small,13,b,3,osmia,yes,2023-06-23,
BP,F,17,Mid,small,13,b,4,osmia,yes,2023-06-23,
BP,F,17,Mid,small,13,b,5,osmia,yes,2023-06-23,
BP,F,17,Mid,medium,15,a,1,unknown larva,unknown,2023-05-26,
BP,F,17,Mid,medium,15,a,2,unknown larva,unknown,2023-05-26,
BP,F,17,Mid,medium,15,a,3,unknown larva,unknown,2023-05-26,
BP,F,17,Mid,medium,15,a,4,unknown larva,unknown,2023-05-26,
BP,F,17,Mid,medium,15,a,5,unknown larva,unknown,2023-05-26,
BP,F,17,Mid,medium,15,a,6,unknown larva,unknown,2023-05-26,
BP,F,17,Mid,medium,15,a,7,unknown larva,unknown,2023-05-26,
BP,F,17,Mid,medium,15,a,8,unknown larva,unknown,2023-05-26,
BP,F,17,Mid,medium,15,a,9,unknown larva,unknown,2023-05-31,
BP,F,17,Mid,medium,15,a,10,unknown larva,unknown,2023-05-31,
BP,F,17,Mid,medium,15,a,11,unknown larva,unknown,2023-05-31,
BP,F,17,Mid,medium,15,a,12,unknown larva,unknown,2023-05-31,
BP,F,17,Mid,medium,15,a,13,unknown larva,unknown,2023-05-31,
BP,F,17,Mid,small,16,a,1,pollen mass,NA,2023-06-05,
BP,F,17,Mid,small,16,a,2,unknown larva,no,2023-06-05,
BP,F,17,Mid,small,16,a,3,unknown larva,no,2023-06-05,
BP,F,17,Mid,small,17,a,1,osmia,unknown,2023-05-29,
BP,F,17,Mid,small,17,a,2,osmia,yes,2023-05-29,
BP,F,17,Mid,small,17,a,3,sapyga,yes,2023-05-29,
BP,F,17,Mid,small,17,a,4,osmia,unknown,2023-05-29,
BP,F,17,Mid,small,17,a,5,sapyga,yes,2023-06-02,
BP,F,17,Mid,small,17,b,1,osmia,unknown,2023-06-05,
BP,F,17,Mid,small,17,b,2,sapyga,yes,2023-06-05,
BP,F,17,Mid,small,17,b,3,sapyga,yes,2023-06-05,
BP,F,17,Mid,medium,18,a,1,unknown larva,no,2023-06-02,
BP,F,17,Mid,medium,18,a,2,unknown larva,no,2023-06-02,
BP,F,17,Mid,medium,18,a,3,unknown larva,no,2023-06-02,
BP,F,17,Mid,medium,18,a,4,unknown larva,no,2023-06-02,
BP,F,18,High,small,1,a,1,unknown larva,no,2023-05-29,
BP,F,18,High,small,1,a,2,unknown larva,no,2023-05-29,
BP,F,18,High,small,1,a,3,unknown larva,no,2023-05-29,
BP,F,18,High,small,5,a,1,unknown larva,no,2023-05-29,
BP,F,18,High,small,5,a,2,unknown larva,no,2023-05-29,
BP,F,18,High,small,5,a,3,pollen mass,NA,2023-05-29,
BP,F,18,High,small,5,a,4,unknown larva,no,2023-05-29,
BP,F,18,High,small,5,a,5,unknown larva,no,2023-05-29,
BP,F,18,High,small,8,a,1,unknown larva,no,2023-05-29,
BP,F,18,High,small,8,a,2,unknown larva,no,2023-05-29,
BP,F,18,High,small,8,a,3,unknown larva,no,2023-05-31,
BP,F,18,High,small,8,a,4,unknown larva,no,2023-05-31,
BP,F,18,High,small,8,a,5,unknown larva,no,2023-05-31,
BP,F,18,High,small,8,a,6,unknown larva,no,2023-05-31,
BP,F,18,High,small,8,a,7,unknown larva,no,2023-05-31,
BP,F,18,High,small,8,a,8,unknown larva,no,2023-05-31,
BP,F,18,High,small,8,a,9,unknown larva,no,2023-06-02,
BP,F,18,High,small,8,a,10,unknown larva,no,2023-06-02,
BP,F,18,High,small,8,b,1,osmia,yes,2023-06-04,
BP,F,18,High,small,8,b,2,pollen mass,NA,2023-06-04,
BP,F,18,High,small,10,b,1,unknown larva,no,2023-06-05,
BP,F,18,High,small,10,b,2,unknown larva,no,2023-06-05,
BP,F,18,High,small,12,b,1,unknown larva,unknown,2023-05-31,
BP,F,18,High,small,12,b,2,unknown larva,unknown,2023-05-31,
BP,F,18,High,small,12,b,3,unknown larva,unknown,2023-05-31,
BP,F,18,High,small,12,b,4,unknown larva,unknown,2023-05-31,
BP,F,18,High,small,12,b,5,unknown larva,unknown,2023-05-31,
BP,F,18,High,small,12,b,6,unknown larva,unknown,2023-05-31,
BP,F,18,High,small,12,b,7,unknown larva,unknown,2023-05-31,
BP,F,18,High,small,12,b,8,unknown larva,unknown,2023-06-02,
BP,F,18,High,small,12,b,9,unknown larva,unknown,2023-06-02,
BP,F,18,High,small,12,b,10,unknown larva,unknown,2023-06-02,
BP,F,18,High,small,12,b,11,unknown larva,unknown,2023-06-02,
BP,F,18,High,small,12,b,12,unknown larva,unknown,2023-06-02,
BP,F,18,High,small,13,a,1,sapyga,no,2023-05-29,
BP,F,18,High,small,13,a,2,osmia,yes,2023-05-29,
NN,G,19,Low,small,8,a,1,sapyga,yes ,2023-05-29,
NN,G,19,Low,small,8,a,2,sapyga,yes ,2023-05-29,
NN,G,19,Low,small,8,a,3,sapyga,yes,2023-05-29,
NN,G,19,Low,small,8,b,1,osmia,yes,2023-06-04,
NN,G,20,Mid,small,2,a,1,osmia,yes ,2023-05-29,
NN,G,20,Mid,small,2,a,2,sapyga,unknown,2023-05-29,
NN,G,20,Mid,small,2,a,3,sapyga,yes ,2023-05-29,
NN,G,20,Mid,small,2,a,4,osmia,yes ,2023-05-29,
NN,G,20,Mid,small,2,a,5,osmia,yes ,2023-05-29,
NN,G,20,Mid,small,2,a,6,sapyga,yes ,2023-05-29,
NN,G,20,Mid,small,2,a,7,osmia,yes ,2023-05-29,
NN,G,20,Mid,small,2,a,8,osmia,yes ,2023-05-29,
NN,G,20,Mid,small,2,a,9,osmia,yes ,2023-05-29,
NN,G,20,Mid,small,2,a,10,osmia,yes ,2023-05-31,
NN,G,20,Mid,small,2,a,11,osmia,yes ,2023-05-31,
NN,G,20,Mid,small,2,a,12,sapyga,yes ,2023-05-31,
NN,G,20,Mid,small,2,a,13,osmia,yes,2023-05-31,
NN,G,20,Mid,small,2,a,14,osmia,yes,2023-05-31,
NN,G,20,Mid,small,3,b,1,osmia,yes ,2023-06-01,
NN,G,20,Mid,small,3,b,2,osmia,no ,2023-06-01,
NN,G,20,Mid,small,3,b,3,mold,NA,2023-06-01,
NN,G,20,Mid,small,3,b,4,mold,NA,2023-06-01,
NN,G,20,Mid,small,3,b,5,mold,NA,2023-06-01,
NN,G,20,Mid,small,5,a,1,unknown larva,no,2023-05-29,
NN,G,20,Mid,small,5,a,2,unknown larva,no,2023-05-29,
NN,G,20,Mid,small,5,a,3,pollen mass,NA,2023-05-29,
NN,G,20,Mid,small,5,a,4,unknown larva,no,2023-05-29,
NN,G,20,Mid,small,5,a,5,unknown larva,no ,2023-05-29,
NN,G,20,Mid,small,5,a,6,unknown larva,no,2023-05-29,
NN,G,20,Mid,small,5,a,7,pollen mass,NA,2023-05-29,
NN,G,20,Mid,small,5,a,8,unknown larva,no,2023-05-29,
NN,G,20,Mid,small,5,a,9,unknown larva,no,2023-05-31,
NN,G,20,Mid,small,5,a,10,unknown larva,no,2023-05-31,
NN,G,20,Mid,small,5,a,11,pollen mass,NA,2023-05-31,
NN,G,20,Mid,small,15,a,1,empty,NA,2023-06-01,
NN,H,22,Low,small,9,a,1,sapyga,yes ,2023-06-19,
NN,H,24,High,small,2,a,1,osmia,yes ,2023-06-04,
NN,H,24,High,small,2,a,2,pollen mass,NA,2023-06-04,
NN,H,24,High,small,2,a,3,osmia,yes ,2023-06-04,
NN,H,24,High,small,2,a,4,osmia,yes ,2023-06-04,
NN,H,24,High,small,2,a,5,sapyga,yes ,2023-06-04,
NN,H,24,High,small,2,a,6,sapyga,yes ,2023-06-08,
NN,H,24,High,small,3,b,1,sapyga,yes,2023-06-19,
NN,H,24,High,small,3,b,2,sapyga,yes ,2023-06-22,
NN,H,24,High,small,3,b,3,sapyga,yes ,2023-06-22,
NN,H,24,High,small,7,b,1,osmia,no,2023-06-01,
NN,H,24,High,small,7,b,2,unknown larva,no,2023-06-01,
NN,H,24,High,small,7,b,3,unknown larva,no,2023-06-01,
NN,H,24,High,small,7,b,4,sapyga,no,2023-06-04,
NN,H,24,High,small,7,b,5,pollen mass,NA,2023-06-04,
NN,H,24,High,small,7,b,6,sapyga,no,2023-06-04,
NN,H,24,High,small,7,b,7,unknown larva,no,2023-06-04,
NN,H,24,High,small,7,b,8,pollen mass,NA,2023-06-04,
NN,H,24,High,small,10,a,1,sapyga,yes,2023-06-08,
NN,H,24,High,small,10,a,2,sapyga,yes,2023-06-11,
NN,H,24,High,small,10,a,3,osmia,yes,2023-06-15,
NN,H,24,High,small,12,a,1,sapyga,yes,2023-06-30,
NN,H,24,High,small,12,a,2,empty,NA,2023-06-30,
NN,I,25,Low,small,1,b,1,sapyga,yes,2023-06-15,
NN,I,25,Low,small,3,a,1,unknown larva,no,2023-05-29,
NN,I,25,Low,small,3,a,2,unknown larva,no,2023-05-29,
NN,I,25,Low,small,3,a,3,unknown larva,no,2023-05-29,
NN,I,25,Low,small,3,a,4,unknown larva,no,2023-05-31,
NN,I,25,Low,small,3,a,5,unknown larva,no,2023-05-31,
NN,I,25,Low,small,3,a,6,unknown larva,no,2023-05-31,
NN,I,25,Low,small,3,a,7,unknown larva,no,2023-05-31,
NN,I,25,Low,small,3,a,8,unknown larva,no,2023-06-01,
NN,I,25,Low,small,3,a,9,unknown larva,no,2023-06-01,
NN,I,25,Low,small,3,a,10,unknown larva,no,2023-06-01,
NN,I,25,Low,small,3,a,11,pollen mass,NA,2023-06-01,
NN,I,25,Low,small,3,a,12,pollen mass,NA,2023-06-04,
NN,I,25,Low,small,3,b,1,sapyga,yes,2023-06-15,
NN,I,25,Low,small,3,b,2,sapyga,yes,2023-06-15,
NN,I,25,Low,small,3,c,1,pollen mass,NA,2023-06-22,
NN,I,25,Low,small,4,a,1,unknown larva,no,2023-06-01,
NN,I,25,Low,small,4,a,2,pollen mass,NA,2023-06-04,
NN,I,25,Low,small,4,a,3,unknown larva,no,2023-06-04,
NN,I,25,Low,small,4,a,4,unknown larva,no,2023-06-04,
NN,I,25,Low,small,4,a,5,unknown larva,no,2023-06-04,
NN,I,25,Low,small,4,a,6,unknown larva,no,2023-06-04,
NN,I,25,Low,small,4,a,7,mold,NA,2023-06-04,
NN,I,25,Low,small,4,b,1,sapyga,unknown,2023-06-15,
NN,I,25,Low,small,4,b,2,unknown larva,no,2023-06-19,
NN,I,25,Low,small,6,b,1,osmia,yes,2023-06-04,
NN,I,25,Low,small,6,b,2,osmia,yes,2023-06-08,
NN,I,25,Low,small,6,b,3,osmia,yes,2023-06-08,
NN,I,25,Low,small,6,b,4,osmia,yes,2023-06-08,
NN,I,25,Low,small,6,b,5,osmia,yes,2023-06-08,
NN,I,25,Low,small,6,b,6,pollen mass,NA,2023-06-11,
NN,I,25,Low,small,6,b,7,sapyga,yes,2023-06-11,
NN,I,25,Low,small,6,b,8,osmia,yes,2023-06-11,
NN,I,25,Low,small,13,a,1,unknown larva,no,2023-05-29,
NN,I,25,Low,small,13,a,2,unknown larva,no,2023-05-29,
NN,I,25,Low,small,13,a,3,unknown larva,no,2023-05-29,
NN,I,25,Low,small,13,a,4,unknown larva,no,2023-05-31,
NN,I,25,Low,small,13,a,5,unknown larva,no,2023-05-31,
NN,I,25,Low,small,13,a,6,unknown larva,no,2023-05-31,
NN,I,25,Low,small,13,a,7,unknown larva,no,2023-05-31,
NN,I,25,Low,small,13,a,8,unknown larva,no,2023-06-01,
NN,I,25,Low,small,13,a,9,unknown larva,no,2023-06-01,
NN,I,25,Low,small,13,a,10,unknown larva,no,2023-06-01,
NN,I,25,Low,small,13,a,11,unknown larva,no,2023-06-01,
NN,I,25,Low,small,16,a,1,unknown larva,no,2023-06-08,
NN,I,25,Low,small,16,a,2,unknown larva,no,2023-06-08,
NN,I,25,Low,small,16,a,3,pollen mass,NA,2023-06-08,
NN,I,25,Low,small,16,a,4,unknown larva,no,2023-06-08,
NN,I,25,Low,small,16,a,5,unknown larva,no,2023-06-08,
NN,I,25,Low,small,16,a,6,unknown larva,no,2023-06-08,
NN,I,25,Low,small,16,a,7,pollen mass,NA,2023-06-08,
NN,J,28,Low,small,3,a,1,sapyga,yes,2023-06-22,
NN,J,28,Low,small,3,a,2,sapyga,yes,2023-06-22,
NN,J,28,Low,small,3,a,3,sapyga,yes,2023-06-30,
NN,J,28,Low,small,3,a,4,sapyga,yes,2023-06-30,
NN,J,28,Low,small,17,a,1,osmia,yes,2023-05-29,
NN,J,28,Low,small,17,a,2,sapyga,yes,2023-05-29,
NN,J,28,Low,small,17,a,3,osmia,yes,2023-05-29,
NN,J,29,Mid,medium,1,b,1,pollen mass,NA,2023-05-31,
NN,J,29,Mid,medium,1,b,2,pollen mass,NA,2023-06-01,
NN,J,29,Mid,medium,1,b,3,sapyga,unknown,2023-06-01,
NN,J,29,Mid,medium,1,b,4,sapyga,unknown,2023-06-01,
NN,J,29,Mid,medium,4,a,unknown 1,unknown larva,no,unknown,
NN,J,29,Mid,medium,4,a,unknown 2,unknown larva,no,unknown,
NN,J,29,Mid,medium,4,a,unknown 3,unknown larva,no,unknown,
NN,J,29,Mid,medium,4,a,unknown 4,unknown larva,no,unknown,
NN,J,29,Mid,medium,4,a,unknown 5,unknown larva,no,unknown,
NN,J,29,Mid,medium,4,a,unknown 6,unknown larva,no,unknown,
NN,J,29,Mid,medium,4,a,unknown 7,pollen mass,NA,unknown,
NN,J,30,High,small,12,a,1,pollen mass,NA,2023-06-22,
NN,J,30,High,small,12,a,2,pollen mass,NA,2023-06-22,
NN,J,30,High,small,12,a,3,pollen mass,NA,2023-06-30,
NN,J,30,High,small,12,a,4,pollen mass,NA,2023-06-30,
NN,J,30,High,small,12,a,5,pollen mass,NA,2023-06-30,
NN,J,30,High,small,12,a,6,pollen mass,NA,2023-06-30,
NN,J,30,High,small,12,a,7,pollen mass,NA,2023-06-30,
NN,J,30,High,small,12,a,8,pollen mass,NA,2023-06-30,
NN,J,30,High,small,12,a,9,pollen mass,NA,2023-06-30,
NN,K,32,Mid,small,8,b,1,unknown larva,no,2023-06-01,
NN,K,32,Mid,small,8,b,2,osmia,yes,2023-06-01,
NN,L,35,Mid,small,7,a,1,pollen mass,NA,2023-06-22,
NN,L,35,Mid,medium,8,a,1,sapyga,yes,2023-06-08,
NN,L,35,Mid,small,9,c,1,pollen mass,NA,2023-07-06,
NN,L,36,High,small,1,a,1,pollen mass,NA,2023-05-29,
NN,L,36,High,small,1,a,2,unknown larva,no,2023-05-31,
NN,L,36,High,small,1,a,3,unknown larva,no,2023-05-31,
NN,L,36,High,small,1,a,4,unknown larva,no,2023-05-31,
NN,L,36,High,small,1,a,5,unknown larva,no,2023-05-31,
NN,L,36,High,small,1,a,6,unknown larva,no,2023-05-31,
NN,L,36,High,small,1,a,7,unknown larva,no,2023-06-01,
NN,L,36,High,small,1,a,8,unknown larva,no,2023-06-01,
NN,L,36,High,small,1,a,9,empty,NA,2023-06-01,
NN,L,36,High,small,3,b,1,unknown larva,no,2023-06-04,
NN,L,36,High,small,3,b,2,pollen mass,NA,2023-06-04,
NN,L,36,High,small,3,b,3,unknown larva,no,2023-06-04,
NN,L,36,High,small,3,b,4,unknown larva,no,2023-06-04,
NN,L,36,High,small,3,b,5,unknown larva,no,2023-06-08,
NN,L,36,High,small,3,b,6,pollen mass,NA,2023-06-08,
NN,L,36,High,small,3,b,7,unknown larva,no,2023-06-11,
NN,L,36,High,small,3,b,8,unknown larva,no,2023-06-11,
NN,L,36,High,small,3,b,9,unknown larva,no,2023-06-15,
NN,L,36,High,small,4,b,1,pollen mass,NA,2023-05-31,
NN,L,36,High,small,4,b,2,sapyga,yes ,2023-06-01,
NN,L,36,High,small,4,b,3,osmia,no,2023-06-01,
NN,L,36,High,small,4,b,4,osmia,no,2023-06-01,
NN,L,36,High,small,4,b,5,unknown larva,no,2023-06-01,
NN,L,36,High,small,4,b,6,osmia,unknown,2023-06-04,
NN,L,36,High,small,6,a,1,osmia,yes,2023-05-29,
NN,L,36,High,small,6,a,2,sapyga,yes,2023-06-01,
NN,L,36,High,small,6,a,3,osmia,yes,2023-06-04,
NN,L,36,High,small,6,a,4,sapyga,yes,2023-06-04,
NN,L,36,High,small,8,b,1,osmia,unknown,2023-06-22,
NN,L,36,High,small,8,b,2,pollen mass,NA,2023-06-30,
NN,L,36,High,medium,9,a,1,pollen mass,NA,2023-05-31,
NN,L,36,High,medium,9,a,2,sapyga,yes ,2023-05-31,
NN,L,36,High,small,13,b,1,unknown larva,no,2023-06-04,
NN,L,36,High,small,13,b,2,unknown larva,no,2023-06-04,
NN,L,36,High,small,13,b,3,osmia,yes,2023-06-04,
NN,L,36,High,small,15,b,1,osmia,unknown,2023-06-08,
NN,L,36,High,small,15,b,2,empty,NA,2023-06-08,
BP,Q,50,Mid,small,12,a,1,empty,NA,2023-07-04,
BP,Q,51,High,small,4,a,1,empty,NA,2023-07-04,
CP,U,62,Mid,small,15,a,1,unknown larva,unknown,2023-07-05,
CP,U,62,Mid,small,15,a,1,pollen mass,NA,2023-07-05,
CP,U,62,Mid,small,15,a,1,unknown larva,unknown,2023-07-07,
CP,U,62,Mid,small,15,a,1,unknown larva,no,2023-07-07,
CP,V,64,Low,small,14,a,1,pollen mass,NA,2023-07-05,
CP,V,64,Low,small,14,a,2,osmia,no,2023-07-05,
CP,V,64,Low,small,14,a,3,osmia,no,2023-07-05,
CP,V,64,Low,small,14,a,4,osmia,no,2023-07-07,
CP,V,64,Low,small,14,a,5,osmia,no,2023-07-07,
CP,V,64,Low,small,14,a,6,pollen mass,NA,2023-07-07,
CP,V,64,Low,small,14,a,7,pollen mass,NA,2023-07-07,
CP,V,64,Low,small,14,a,8,pollen mass,NA,2023-07-10,
CP,V,64,Low,small,14,a,9,pollen mass,NA,2023-07-10,
CP,V,64,Low,small,14,a,10,unknown larva,no,2023-07-10,
CP,V,64,Low,small,14,a,11,unknown larva,no,2023-07-10,